[0.000000] (-) TimerEvent: {}
[0.000187] (robmovil_msgs) JobQueued: {'identifier': 'robmovil_msgs', 'dependencies': OrderedDict()}
[0.000329] (ej1) JobQueued: {'identifier': 'ej1', 'dependencies': OrderedDict([('robmovil_msgs', '/root/ros2_ws/src/robotica/install/robmovil_msgs')])}
[0.000411] (ej2) JobQueued: {'identifier': 'ej2', 'dependencies': OrderedDict([('robmovil_msgs', '/root/ros2_ws/src/robotica/install/robmovil_msgs')])}
[0.000796] (robmovil_msgs) JobStarted: {'identifier': 'robmovil_msgs'}
[0.018523] (robmovil_msgs) JobProgress: {'identifier': 'robmovil_msgs', 'progress': 'cmake'}
[0.018916] (robmovil_msgs) Command: {'cmd': ['/usr/bin/cmake', '/root/ros2_ws/src/robotica/robmovil_msgs', '-DCMAKE_INSTALL_PREFIX=/root/ros2_ws/src/robotica/install/robmovil_msgs'], 'cwd': '/root/ros2_ws/src/robotica/build/robmovil_msgs', 'env': OrderedDict([('HOSTNAME', 'ae729c5307e7'), ('SHLVL', '1'), ('LD_LIBRARY_PATH', '/root/ros2_ws/install/lazo_abierto/lib:/root/ros2_ws/install/robmovil_msgs/lib:/usr/lib/x86_64-linux-gnu/gazebo-11/plugins:/opt/ros/humble/opt/rviz_ogre_vendor/lib:/opt/ros/humble/lib/x86_64-linux-gnu:/opt/ros/humble/lib:/usr/lib/x86_64-linux-gnu/gazebo-11/plugins:'), ('HOME', '/root'), ('OLDPWD', '/root/ros2_ws'), ('GAZEBO_MASTER_URI', 'http://localhost:11345'), ('ROS_PYTHON_VERSION', '3'), ('COLCON_PREFIX_PATH', '/root/ros2_ws/install'), ('ROS_DISTRO', 'humble'), ('_', '/usr/bin/colcon'), ('ROS_VERSION', '2'), ('TERM', 'xterm'), ('COPPELIASIM_ROOT_DIR', '/opt/CoppeliaSim_Edu_V4_7_0_rev2_Ubuntu20_04'), ('GAZEBO_MODEL_PATH', '/usr/share/gazebo-11/models:/opt/ros/humble/share/turtlebot3_gazebo/models/:/root/catkin_ws/volumen/models'), ('ROS_LOCALHOST_ONLY', '1'), ('QT_X11_NO_MITSHM', '1'), ('OGRE_RESOURCE_PATH', '/usr/lib/x86_64-linux-gnu/OGRE-1.9.0'), ('PATH', '/opt/CoppeliaSim_Edu_V4_7_0_rev2_Ubuntu20_04:/opt/ros/humble/bin:/opt/CoppeliaSim_Edu_V4_7_0_rev2_Ubuntu20_04:/usr/local/sbin:/usr/local/bin:/usr/sbin:/usr/bin:/sbin:/bin'), ('DISPLAY', ':0'), ('LANG', 'C.UTF-8'), ('LS_COLORS', 'rs=0:di=01;34:ln=01;36:mh=00:pi=40;33:so=01;35:do=01;35:bd=40;33;01:cd=40;33;01:or=40;31;01:mi=00:su=37;41:sg=30;43:ca=30;41:tw=30;42:ow=34;42:st=37;44:ex=01;32:*.tar=01;31:*.tgz=01;31:*.arc=01;31:*.arj=01;31:*.taz=01;31:*.lha=01;31:*.lz4=01;31:*.lzh=01;31:*.lzma=01;31:*.tlz=01;31:*.txz=01;31:*.tzo=01;31:*.t7z=01;31:*.zip=01;31:*.z=01;31:*.dz=01;31:*.gz=01;31:*.lrz=01;31:*.lz=01;31:*.lzo=01;31:*.xz=01;31:*.zst=01;31:*.tzst=01;31:*.bz2=01;31:*.bz=01;31:*.tbz=01;31:*.tbz2=01;31:*.tz=01;31:*.deb=01;31:*.rpm=01;31:*.jar=01;31:*.war=01;31:*.ear=01;31:*.sar=01;31:*.rar=01;31:*.alz=01;31:*.ace=01;31:*.zoo=01;31:*.cpio=01;31:*.7z=01;31:*.rz=01;31:*.cab=01;31:*.wim=01;31:*.swm=01;31:*.dwm=01;31:*.esd=01;31:*.jpg=01;35:*.jpeg=01;35:*.mjpg=01;35:*.mjpeg=01;35:*.gif=01;35:*.bmp=01;35:*.pbm=01;35:*.pgm=01;35:*.ppm=01;35:*.tga=01;35:*.xbm=01;35:*.xpm=01;35:*.tif=01;35:*.tiff=01;35:*.png=01;35:*.svg=01;35:*.svgz=01;35:*.mng=01;35:*.pcx=01;35:*.mov=01;35:*.mpg=01;35:*.mpeg=01;35:*.m2v=01;35:*.mkv=01;35:*.webm=01;35:*.webp=01;35:*.ogm=01;35:*.mp4=01;35:*.m4v=01;35:*.mp4v=01;35:*.vob=01;35:*.qt=01;35:*.nuv=01;35:*.wmv=01;35:*.asf=01;35:*.rm=01;35:*.rmvb=01;35:*.flc=01;35:*.avi=01;35:*.fli=01;35:*.flv=01;35:*.gl=01;35:*.dl=01;35:*.xcf=01;35:*.xwd=01;35:*.yuv=01;35:*.cgm=01;35:*.emf=01;35:*.ogv=01;35:*.ogx=01;35:*.aac=00;36:*.au=00;36:*.flac=00;36:*.m4a=00;36:*.mid=00;36:*.midi=00;36:*.mka=00;36:*.mp3=00;36:*.mpc=00;36:*.ogg=00;36:*.ra=00;36:*.wav=00;36:*.oga=00;36:*.opus=00;36:*.spx=00;36:*.xspf=00;36:'), ('ROS_DOMAIN_ID', '12'), ('AMENT_PREFIX_PATH', '/root/ros2_ws/install/sim_ros2_interface:/root/ros2_ws/install/lazo_abierto:/root/ros2_ws/install/ej2:/root/ros2_ws/install/ej1:/root/ros2_ws/install/robmovil_msgs:/opt/ros/humble'), ('DEBIAN_FRONTEND', 'noninteractive'), ('GAZEBO_RESOURCE_PATH', '/usr/share/gazebo-11:'), ('GAZEBO_MODEL_DATABASE_URI', 'http://models.gazebosim.org'), ('PWD', '/root/ros2_ws/src/robotica/build/robmovil_msgs'), ('TURTLEBOT3_MODEL', 'burger'), ('LC_ALL', 'C.UTF-8'), ('GAZEBO_PLUGIN_PATH', '/usr/lib/x86_64-linux-gnu/gazebo-11/plugins:'), ('PYTHONPATH', '/root/ros2_ws/install/robmovil_msgs/local/lib/python3.10/dist-packages:/opt/ros/humble/lib/python3.10/site-packages:/opt/ros/humble/local/lib/python3.10/dist-packages'), ('COLCON', '1'), ('CMAKE_PREFIX_PATH', '/root/ros2_ws/install/sim_ros2_interface:/root/ros2_ws/install/lazo_abierto:/root/ros2_ws/install/ej2:/root/ros2_ws/install/ej1:/root/ros2_ws/install/robmovil_msgs:/opt/ros/humble')]), 'shell': False}
[0.099550] (-) TimerEvent: {}
[0.113842] (robmovil_msgs) StdoutLine: {'line': b'-- The C compiler identification is GNU 11.4.0\n'}
[0.178991] (robmovil_msgs) StdoutLine: {'line': b'-- The CXX compiler identification is GNU 11.4.0\n'}
[0.189533] (robmovil_msgs) StdoutLine: {'line': b'-- Detecting C compiler ABI info\n'}
[0.199786] (-) TimerEvent: {}
[0.268701] (robmovil_msgs) StdoutLine: {'line': b'-- Detecting C compiler ABI info - done\n'}
[0.280600] (robmovil_msgs) StdoutLine: {'line': b'-- Check for working C compiler: /usr/bin/cc - skipped\n'}
[0.281603] (robmovil_msgs) StdoutLine: {'line': b'-- Detecting C compile features\n'}
[0.282763] (robmovil_msgs) StdoutLine: {'line': b'-- Detecting C compile features - done\n'}
[0.287654] (robmovil_msgs) StdoutLine: {'line': b'-- Detecting CXX compiler ABI info\n'}
[0.299909] (-) TimerEvent: {}
[0.390239] (robmovil_msgs) StdoutLine: {'line': b'-- Detecting CXX compiler ABI info - done\n'}
[0.398679] (robmovil_msgs) StdoutLine: {'line': b'-- Check for working CXX compiler: /usr/bin/c++ - skipped\n'}
[0.399025] (robmovil_msgs) StdoutLine: {'line': b'-- Detecting CXX compile features\n'}
[0.399665] (robmovil_msgs) StdoutLine: {'line': b'-- Detecting CXX compile features - done\n'}
[0.400015] (-) TimerEvent: {}
[0.406714] (robmovil_msgs) StdoutLine: {'line': b'-- Found rosidl_default_generators: 1.2.1 (/opt/ros/humble/share/rosidl_default_generators/cmake)\n'}
[0.410072] (robmovil_msgs) StdoutLine: {'line': b'-- Found ament_cmake_core: 1.3.14 (/opt/ros/humble/share/ament_cmake_core/cmake)\n'}
[0.500160] (-) TimerEvent: {}
[0.581835] (robmovil_msgs) StdoutLine: {'line': b'-- Found Python3: /usr/bin/python3 (found version "3.10.12") found components: Interpreter \n'}
[0.600309] (-) TimerEvent: {}
[0.667276] (robmovil_msgs) StdoutLine: {'line': b'-- Using all available rosidl_typesupport_c: rosidl_typesupport_fastrtps_c;rosidl_typesupport_introspection_c\n'}
[0.683938] (robmovil_msgs) StdoutLine: {'line': b'-- Found rosidl_adapter: 3.1.8 (/opt/ros/humble/share/rosidl_adapter/cmake)\n'}
[0.700386] (-) TimerEvent: {}
[0.800732] (-) TimerEvent: {}
[0.821274] (robmovil_msgs) StdoutLine: {'line': b'-- Using all available rosidl_typesupport_cpp: rosidl_typesupport_fastrtps_cpp;rosidl_typesupport_introspection_cpp\n'}
[0.895016] (robmovil_msgs) StdoutLine: {'line': b'-- Found geometry_msgs: 4.9.1 (/opt/ros/humble/share/geometry_msgs/cmake)\n'}
[0.900838] (-) TimerEvent: {}
[1.001164] (-) TimerEvent: {}
[1.101438] (-) TimerEvent: {}
[1.201698] (-) TimerEvent: {}
[1.302016] (-) TimerEvent: {}
[1.316849] (robmovil_msgs) StdoutLine: {'line': b'-- Found ament_cmake_ros: 0.10.0 (/opt/ros/humble/share/ament_cmake_ros/cmake)\n'}
[1.402159] (-) TimerEvent: {}
[1.502556] (-) TimerEvent: {}
[1.602886] (-) TimerEvent: {}
[1.615210] (robmovil_msgs) StdoutLine: {'line': b'-- Using all available rosidl_typesupport_c: rosidl_typesupport_fastrtps_c;rosidl_typesupport_introspection_c\n'}
[1.702994] (-) TimerEvent: {}
[1.803251] (-) TimerEvent: {}
[1.903549] (-) TimerEvent: {}
[2.001459] (robmovil_msgs) StdoutLine: {'line': b'-- Using all available rosidl_typesupport_cpp: rosidl_typesupport_fastrtps_cpp;rosidl_typesupport_introspection_cpp\n'}
[2.003638] (-) TimerEvent: {}
[2.029264] (robmovil_msgs) StdoutLine: {'line': b'-- Found PythonInterp: /usr/bin/python3 (found suitable version "3.10.12", minimum required is "3.6") \n'}
[2.032760] (robmovil_msgs) StdoutLine: {'line': b'-- Found python_cmake_module: 0.10.0 (/opt/ros/humble/share/python_cmake_module/cmake)\n'}
[2.063093] (robmovil_msgs) StdoutLine: {'line': b'-- Found PythonLibs: /usr/lib/x86_64-linux-gnu/libpython3.10.so (found suitable version "3.10.12", minimum required is "3.5") \n'}
[2.063364] (robmovil_msgs) StdoutLine: {'line': b'-- Using PYTHON_EXECUTABLE: /usr/bin/python3\n'}
[2.063446] (robmovil_msgs) StdoutLine: {'line': b'-- Using PYTHON_INCLUDE_DIRS: /usr/include/python3.10\n'}
[2.063511] (robmovil_msgs) StdoutLine: {'line': b'-- Using PYTHON_LIBRARIES: /usr/lib/x86_64-linux-gnu/libpython3.10.so\n'}
[2.088008] (robmovil_msgs) StdoutLine: {'line': b'-- Found PythonExtra: .so  \n'}
[2.103761] (-) TimerEvent: {}
[2.204057] (-) TimerEvent: {}
[2.270439] (robmovil_msgs) StdoutLine: {'line': b'-- Configuring done\n'}
[2.304160] (-) TimerEvent: {}
[2.327701] (robmovil_msgs) StdoutLine: {'line': b'-- Generating done\n'}
[2.343348] (robmovil_msgs) StdoutLine: {'line': b'-- Build files have been written to: /root/ros2_ws/src/robotica/build/robmovil_msgs\n'}
[2.353443] (robmovil_msgs) CommandEnded: {'returncode': 0}
[2.354238] (robmovil_msgs) JobProgress: {'identifier': 'robmovil_msgs', 'progress': 'build'}
[2.354930] (robmovil_msgs) Command: {'cmd': ['/usr/bin/cmake', '--build', '/root/ros2_ws/src/robotica/build/robmovil_msgs', '--', '-j8', '-l8'], 'cwd': '/root/ros2_ws/src/robotica/build/robmovil_msgs', 'env': OrderedDict([('HOSTNAME', 'ae729c5307e7'), ('SHLVL', '1'), ('LD_LIBRARY_PATH', '/root/ros2_ws/install/lazo_abierto/lib:/root/ros2_ws/install/robmovil_msgs/lib:/usr/lib/x86_64-linux-gnu/gazebo-11/plugins:/opt/ros/humble/opt/rviz_ogre_vendor/lib:/opt/ros/humble/lib/x86_64-linux-gnu:/opt/ros/humble/lib:/usr/lib/x86_64-linux-gnu/gazebo-11/plugins:'), ('HOME', '/root'), ('OLDPWD', '/root/ros2_ws'), ('GAZEBO_MASTER_URI', 'http://localhost:11345'), ('ROS_PYTHON_VERSION', '3'), ('COLCON_PREFIX_PATH', '/root/ros2_ws/install'), ('ROS_DISTRO', 'humble'), ('_', '/usr/bin/colcon'), ('ROS_VERSION', '2'), ('TERM', 'xterm'), ('COPPELIASIM_ROOT_DIR', '/opt/CoppeliaSim_Edu_V4_7_0_rev2_Ubuntu20_04'), ('GAZEBO_MODEL_PATH', '/usr/share/gazebo-11/models:/opt/ros/humble/share/turtlebot3_gazebo/models/:/root/catkin_ws/volumen/models'), ('ROS_LOCALHOST_ONLY', '1'), ('QT_X11_NO_MITSHM', '1'), ('OGRE_RESOURCE_PATH', '/usr/lib/x86_64-linux-gnu/OGRE-1.9.0'), ('PATH', '/opt/CoppeliaSim_Edu_V4_7_0_rev2_Ubuntu20_04:/opt/ros/humble/bin:/opt/CoppeliaSim_Edu_V4_7_0_rev2_Ubuntu20_04:/usr/local/sbin:/usr/local/bin:/usr/sbin:/usr/bin:/sbin:/bin'), ('DISPLAY', ':0'), ('LANG', 'C.UTF-8'), ('LS_COLORS', 'rs=0:di=01;34:ln=01;36:mh=00:pi=40;33:so=01;35:do=01;35:bd=40;33;01:cd=40;33;01:or=40;31;01:mi=00:su=37;41:sg=30;43:ca=30;41:tw=30;42:ow=34;42:st=37;44:ex=01;32:*.tar=01;31:*.tgz=01;31:*.arc=01;31:*.arj=01;31:*.taz=01;31:*.lha=01;31:*.lz4=01;31:*.lzh=01;31:*.lzma=01;31:*.tlz=01;31:*.txz=01;31:*.tzo=01;31:*.t7z=01;31:*.zip=01;31:*.z=01;31:*.dz=01;31:*.gz=01;31:*.lrz=01;31:*.lz=01;31:*.lzo=01;31:*.xz=01;31:*.zst=01;31:*.tzst=01;31:*.bz2=01;31:*.bz=01;31:*.tbz=01;31:*.tbz2=01;31:*.tz=01;31:*.deb=01;31:*.rpm=01;31:*.jar=01;31:*.war=01;31:*.ear=01;31:*.sar=01;31:*.rar=01;31:*.alz=01;31:*.ace=01;31:*.zoo=01;31:*.cpio=01;31:*.7z=01;31:*.rz=01;31:*.cab=01;31:*.wim=01;31:*.swm=01;31:*.dwm=01;31:*.esd=01;31:*.jpg=01;35:*.jpeg=01;35:*.mjpg=01;35:*.mjpeg=01;35:*.gif=01;35:*.bmp=01;35:*.pbm=01;35:*.pgm=01;35:*.ppm=01;35:*.tga=01;35:*.xbm=01;35:*.xpm=01;35:*.tif=01;35:*.tiff=01;35:*.png=01;35:*.svg=01;35:*.svgz=01;35:*.mng=01;35:*.pcx=01;35:*.mov=01;35:*.mpg=01;35:*.mpeg=01;35:*.m2v=01;35:*.mkv=01;35:*.webm=01;35:*.webp=01;35:*.ogm=01;35:*.mp4=01;35:*.m4v=01;35:*.mp4v=01;35:*.vob=01;35:*.qt=01;35:*.nuv=01;35:*.wmv=01;35:*.asf=01;35:*.rm=01;35:*.rmvb=01;35:*.flc=01;35:*.avi=01;35:*.fli=01;35:*.flv=01;35:*.gl=01;35:*.dl=01;35:*.xcf=01;35:*.xwd=01;35:*.yuv=01;35:*.cgm=01;35:*.emf=01;35:*.ogv=01;35:*.ogx=01;35:*.aac=00;36:*.au=00;36:*.flac=00;36:*.m4a=00;36:*.mid=00;36:*.midi=00;36:*.mka=00;36:*.mp3=00;36:*.mpc=00;36:*.ogg=00;36:*.ra=00;36:*.wav=00;36:*.oga=00;36:*.opus=00;36:*.spx=00;36:*.xspf=00;36:'), ('ROS_DOMAIN_ID', '12'), ('AMENT_PREFIX_PATH', '/root/ros2_ws/install/sim_ros2_interface:/root/ros2_ws/install/lazo_abierto:/root/ros2_ws/install/ej2:/root/ros2_ws/install/ej1:/root/ros2_ws/install/robmovil_msgs:/opt/ros/humble'), ('DEBIAN_FRONTEND', 'noninteractive'), ('GAZEBO_RESOURCE_PATH', '/usr/share/gazebo-11:'), ('GAZEBO_MODEL_DATABASE_URI', 'http://models.gazebosim.org'), ('PWD', '/root/ros2_ws/src/robotica/build/robmovil_msgs'), ('TURTLEBOT3_MODEL', 'burger'), ('LC_ALL', 'C.UTF-8'), ('GAZEBO_PLUGIN_PATH', '/usr/lib/x86_64-linux-gnu/gazebo-11/plugins:'), ('PYTHONPATH', '/root/ros2_ws/install/robmovil_msgs/local/lib/python3.10/dist-packages:/opt/ros/humble/lib/python3.10/site-packages:/opt/ros/humble/local/lib/python3.10/dist-packages'), ('COLCON', '1'), ('CMAKE_PREFIX_PATH', '/root/ros2_ws/install/sim_ros2_interface:/root/ros2_ws/install/lazo_abierto:/root/ros2_ws/install/ej2:/root/ros2_ws/install/ej1:/root/ros2_ws/install/robmovil_msgs:/opt/ros/humble')]), 'shell': False}
[2.404275] (-) TimerEvent: {}
[2.410344] (robmovil_msgs) StdoutLine: {'line': b'[  1%] \x1b[34m\x1b[1mGenerating C code for ROS interfaces\x1b[0m\n'}
[2.417231] (robmovil_msgs) StdoutLine: {'line': b'[  2%] \x1b[34m\x1b[1mGenerating Rust code for ROS interfaces\x1b[0m\n'}
[2.422595] (robmovil_msgs) StdoutLine: {'line': b'[  4%] \x1b[34m\x1b[1mGenerating C++ code for ROS interfaces\x1b[0m\n'}
[2.427091] (robmovil_msgs) StdoutLine: {'line': b'[  4%] Built target ament_cmake_python_copy_robmovil_msgs\n'}
[2.504388] (-) TimerEvent: {}
[2.604879] (-) TimerEvent: {}
[2.705166] (-) TimerEvent: {}
[2.805491] (-) TimerEvent: {}
[2.871001] (robmovil_msgs) StdoutLine: {'line': b'running egg_info\n'}
[2.871780] (robmovil_msgs) StdoutLine: {'line': b'creating robmovil_msgs.egg-info\n'}
[2.871984] (robmovil_msgs) StdoutLine: {'line': b'writing robmovil_msgs.egg-info/PKG-INFO\n'}
[2.872166] (robmovil_msgs) StdoutLine: {'line': b'writing dependency_links to robmovil_msgs.egg-info/dependency_links.txt\n'}
[2.872366] (robmovil_msgs) StdoutLine: {'line': b'writing top-level names to robmovil_msgs.egg-info/top_level.txt\n'}
[2.872546] (robmovil_msgs) StdoutLine: {'line': b"writing manifest file 'robmovil_msgs.egg-info/SOURCES.txt'\n"}
[2.875613] (robmovil_msgs) StdoutLine: {'line': b"reading manifest file 'robmovil_msgs.egg-info/SOURCES.txt'\n"}
[2.876381] (robmovil_msgs) StdoutLine: {'line': b"writing manifest file 'robmovil_msgs.egg-info/SOURCES.txt'\n"}
[2.905590] (-) TimerEvent: {}
[2.915535] (robmovil_msgs) StdoutLine: {'line': b'[  4%] Built target ament_cmake_python_build_robmovil_msgs_egg\n'}
[3.005720] (-) TimerEvent: {}
[3.036000] (robmovil_msgs) StdoutLine: {'line': b'[  4%] Built target robmovil_msgs__rs\n'}
[3.105828] (-) TimerEvent: {}
[3.206114] (-) TimerEvent: {}
[3.257958] (robmovil_msgs) StdoutLine: {'line': b'[  4%] Built target robmovil_msgs__cpp\n'}
[3.270994] (robmovil_msgs) StdoutLine: {'line': b'[  5%] \x1b[34m\x1b[1mGenerating C++ introspection for ROS interfaces\x1b[0m\n'}
[3.276782] (robmovil_msgs) StdoutLine: {'line': b'[  8%] \x1b[34m\x1b[1mGenerating C++ type support dispatch for ROS interfaces\x1b[0m\n'}
[3.277080] (robmovil_msgs) StdoutLine: {'line': b'[  8%] \x1b[34m\x1b[1mGenerating C++ type support for eProsima Fast-RTPS\x1b[0m\n'}
[3.306234] (-) TimerEvent: {}
[3.406737] (-) TimerEvent: {}
[3.425431] (robmovil_msgs) StdoutLine: {'line': b'[  9%] \x1b[32mBuilding C object CMakeFiles/robmovil_msgs__rosidl_generator_c.dir/rosidl_generator_c/robmovil_msgs/msg/detail/multi_encoder_ticks__functions.c.o\x1b[0m\n'}
[3.426907] (robmovil_msgs) StdoutLine: {'line': b'[ 11%] \x1b[32mBuilding C object CMakeFiles/robmovil_msgs__rosidl_generator_c.dir/rosidl_generator_c/robmovil_msgs/msg/detail/trajectory_point__functions.c.o\x1b[0m\n'}
[3.430419] (robmovil_msgs) StdoutLine: {'line': b'[ 12%] \x1b[32mBuilding C object CMakeFiles/robmovil_msgs__rosidl_generator_c.dir/rosidl_generator_c/robmovil_msgs/msg/detail/encoder_ticks__functions.c.o\x1b[0m\n'}
[3.430982] (robmovil_msgs) StdoutLine: {'line': b'[ 13%] \x1b[32mBuilding C object CMakeFiles/robmovil_msgs__rosidl_generator_c.dir/rosidl_generator_c/robmovil_msgs/msg/detail/trajectory__functions.c.o\x1b[0m\n'}
[3.431291] (robmovil_msgs) StdoutLine: {'line': b'[ 15%] \x1b[32mBuilding C object CMakeFiles/robmovil_msgs__rosidl_generator_c.dir/rosidl_generator_c/robmovil_msgs/msg/detail/landmark__functions.c.o\x1b[0m\n'}
[3.506869] (-) TimerEvent: {}
[3.525881] (robmovil_msgs) StdoutLine: {'line': b'[ 16%] \x1b[32mBuilding C object CMakeFiles/robmovil_msgs__rosidl_generator_c.dir/rosidl_generator_c/robmovil_msgs/msg/detail/landmark_array__functions.c.o\x1b[0m\n'}
[3.603090] (robmovil_msgs) StdoutLine: {'line': b'[ 18%] \x1b[32m\x1b[1mLinking C shared library librobmovil_msgs__rosidl_generator_c.so\x1b[0m\n'}
[3.606981] (-) TimerEvent: {}
[3.652704] (robmovil_msgs) StdoutLine: {'line': b'[ 18%] Built target robmovil_msgs__rosidl_generator_c\n'}
[3.669296] (robmovil_msgs) StdoutLine: {'line': b'[ 22%] \x1b[34m\x1b[1mGenerating C type support dispatch for ROS interfaces\x1b[0m\n'}
[3.669514] (robmovil_msgs) StdoutLine: {'line': b'[ 22%] \x1b[34m\x1b[1mGenerating C type support for eProsima Fast-RTPS\x1b[0m\n'}
[3.669642] (robmovil_msgs) StdoutLine: {'line': b'[ 22%] \x1b[34m\x1b[1mGenerating C introspection for ROS interfaces\x1b[0m\n'}
[3.707078] (-) TimerEvent: {}
[3.807376] (-) TimerEvent: {}
[3.907676] (-) TimerEvent: {}
[4.008411] (-) TimerEvent: {}
[4.084939] (robmovil_msgs) StdoutLine: {'line': b'[ 23%] \x1b[32mBuilding CXX object CMakeFiles/robmovil_msgs__rosidl_typesupport_cpp.dir/rosidl_typesupport_cpp/robmovil_msgs/msg/encoder_ticks__type_support.cpp.o\x1b[0m\n'}
[4.098959] (robmovil_msgs) StdoutLine: {'line': b'[ 25%] \x1b[32mBuilding CXX object CMakeFiles/robmovil_msgs__rosidl_typesupport_cpp.dir/rosidl_typesupport_cpp/robmovil_msgs/msg/multi_encoder_ticks__type_support.cpp.o\x1b[0m\n'}
[4.109445] (-) TimerEvent: {}
[4.116389] (robmovil_msgs) StdoutLine: {'line': b'[ 26%] \x1b[32mBuilding CXX object CMakeFiles/robmovil_msgs__rosidl_typesupport_cpp.dir/rosidl_typesupport_cpp/robmovil_msgs/msg/trajectory__type_support.cpp.o\x1b[0m\n'}
[4.170086] (robmovil_msgs) StdoutLine: {'line': b'[ 27%] \x1b[32mBuilding CXX object CMakeFiles/robmovil_msgs__rosidl_typesupport_introspection_cpp.dir/rosidl_typesupport_introspection_cpp/robmovil_msgs/msg/detail/encoder_ticks__type_support.cpp.o\x1b[0m\n'}
[4.209551] (-) TimerEvent: {}
[4.310046] (-) TimerEvent: {}
[4.384777] (robmovil_msgs) StdoutLine: {'line': b'[ 29%] \x1b[32mBuilding CXX object CMakeFiles/robmovil_msgs__rosidl_typesupport_fastrtps_cpp.dir/rosidl_typesupport_fastrtps_cpp/robmovil_msgs/msg/detail/dds_fastrtps/encoder_ticks__type_support.cpp.o\x1b[0m\n'}
[4.410152] (-) TimerEvent: {}
[4.488445] (robmovil_msgs) StdoutLine: {'line': b'[ 30%] \x1b[32mBuilding CXX object CMakeFiles/robmovil_msgs__rosidl_typesupport_c.dir/rosidl_typesupport_c/robmovil_msgs/msg/encoder_ticks__type_support.cpp.o\x1b[0m\n'}
[4.510392] (-) TimerEvent: {}
[4.597858] (robmovil_msgs) StdoutLine: {'line': b'[ 31%] \x1b[32mBuilding CXX object CMakeFiles/robmovil_msgs__rosidl_typesupport_c.dir/rosidl_typesupport_c/robmovil_msgs/msg/multi_encoder_ticks__type_support.cpp.o\x1b[0m\n'}
[4.611444] (-) TimerEvent: {}
[4.653774] (robmovil_msgs) StdoutLine: {'line': b'[ 33%] \x1b[32mBuilding CXX object CMakeFiles/robmovil_msgs__rosidl_typesupport_fastrtps_cpp.dir/rosidl_typesupport_fastrtps_cpp/robmovil_msgs/msg/detail/dds_fastrtps/multi_encoder_ticks__type_support.cpp.o\x1b[0m\n'}
[4.656516] (robmovil_msgs) StdoutLine: {'line': b'[ 34%] \x1b[32mBuilding CXX object CMakeFiles/robmovil_msgs__rosidl_typesupport_fastrtps_cpp.dir/rosidl_typesupport_fastrtps_cpp/robmovil_msgs/msg/detail/dds_fastrtps/trajectory__type_support.cpp.o\x1b[0m\n'}
[4.673266] (robmovil_msgs) StdoutLine: {'line': b'[ 36%] \x1b[32mBuilding CXX object CMakeFiles/robmovil_msgs__rosidl_typesupport_c.dir/rosidl_typesupport_c/robmovil_msgs/msg/trajectory__type_support.cpp.o\x1b[0m\n'}
[4.684291] (robmovil_msgs) StdoutLine: {'line': b'[ 37%] \x1b[32mBuilding CXX object CMakeFiles/robmovil_msgs__rosidl_typesupport_cpp.dir/rosidl_typesupport_cpp/robmovil_msgs/msg/trajectory_point__type_support.cpp.o\x1b[0m\n'}
[4.713386] (-) TimerEvent: {}
[4.745389] (robmovil_msgs) StdoutLine: {'line': b'[ 38%] \x1b[32mBuilding CXX object CMakeFiles/robmovil_msgs__rosidl_typesupport_c.dir/rosidl_typesupport_c/robmovil_msgs/msg/trajectory_point__type_support.cpp.o\x1b[0m\n'}
[4.804735] (robmovil_msgs) StdoutLine: {'line': b'[ 40%] \x1b[32mBuilding CXX object CMakeFiles/robmovil_msgs__rosidl_typesupport_c.dir/rosidl_typesupport_c/robmovil_msgs/msg/landmark__type_support.cpp.o\x1b[0m\n'}
[4.813491] (-) TimerEvent: {}
[4.866074] (robmovil_msgs) StdoutLine: {'line': b'[ 41%] \x1b[32mBuilding C object CMakeFiles/robmovil_msgs__rosidl_typesupport_introspection_c.dir/rosidl_typesupport_introspection_c/robmovil_msgs/msg/detail/encoder_ticks__type_support.c.o\x1b[0m\n'}
[4.888696] (robmovil_msgs) StdoutLine: {'line': b'[ 43%] \x1b[32mBuilding CXX object CMakeFiles/robmovil_msgs__rosidl_typesupport_c.dir/rosidl_typesupport_c/robmovil_msgs/msg/landmark_array__type_support.cpp.o\x1b[0m\n'}
[4.913594] (-) TimerEvent: {}
[4.942412] (robmovil_msgs) StdoutLine: {'line': b'[ 44%] \x1b[32mBuilding CXX object CMakeFiles/robmovil_msgs__rosidl_typesupport_introspection_cpp.dir/rosidl_typesupport_introspection_cpp/robmovil_msgs/msg/detail/multi_encoder_ticks__type_support.cpp.o\x1b[0m\n'}
[4.943214] (robmovil_msgs) StdoutLine: {'line': b'[ 45%] \x1b[32mBuilding C object CMakeFiles/robmovil_msgs__rosidl_typesupport_introspection_c.dir/rosidl_typesupport_introspection_c/robmovil_msgs/msg/detail/multi_encoder_ticks__type_support.c.o\x1b[0m\n'}
[4.961380] (robmovil_msgs) StdoutLine: {'line': b'[ 47%] \x1b[32mBuilding CXX object CMakeFiles/robmovil_msgs__rosidl_typesupport_fastrtps_c.dir/rosidl_typesupport_fastrtps_c/robmovil_msgs/msg/detail/encoder_ticks__type_support_c.cpp.o\x1b[0m\n'}
[4.964076] (robmovil_msgs) StdoutLine: {'line': b'[ 48%] \x1b[32m\x1b[1mLinking CXX shared library librobmovil_msgs__rosidl_typesupport_c.so\x1b[0m\n'}
[5.020983] (-) TimerEvent: {}
[5.029526] (robmovil_msgs) StdoutLine: {'line': b'[ 50%] \x1b[32mBuilding C object CMakeFiles/robmovil_msgs__rosidl_typesupport_introspection_c.dir/rosidl_typesupport_introspection_c/robmovil_msgs/msg/detail/trajectory__type_support.c.o\x1b[0m\n'}
[5.121429] (robmovil_msgs) StdoutLine: {'line': b'[ 50%] Built target robmovil_msgs__rosidl_typesupport_c\n'}
[5.121813] (-) TimerEvent: {}
[5.141307] (robmovil_msgs) StdoutLine: {'line': b'[ 51%] \x1b[32mBuilding C object CMakeFiles/robmovil_msgs__rosidl_typesupport_introspection_c.dir/rosidl_typesupport_introspection_c/robmovil_msgs/msg/detail/trajectory_point__type_support.c.o\x1b[0m\n'}
[5.157389] (robmovil_msgs) StdoutLine: {'line': b'[ 52%] \x1b[32mBuilding CXX object CMakeFiles/robmovil_msgs__rosidl_typesupport_fastrtps_cpp.dir/rosidl_typesupport_fastrtps_cpp/robmovil_msgs/msg/detail/dds_fastrtps/trajectory_point__type_support.cpp.o\x1b[0m\n'}
[5.198458] (robmovil_msgs) StdoutLine: {'line': b'[ 54%] \x1b[32mBuilding CXX object CMakeFiles/robmovil_msgs__rosidl_typesupport_cpp.dir/rosidl_typesupport_cpp/robmovil_msgs/msg/landmark__type_support.cpp.o\x1b[0m\n'}
[5.221944] (-) TimerEvent: {}
[5.257219] (robmovil_msgs) StdoutLine: {'line': b'[ 55%] \x1b[32mBuilding C object CMakeFiles/robmovil_msgs__rosidl_typesupport_introspection_c.dir/rosidl_typesupport_introspection_c/robmovil_msgs/msg/detail/landmark__type_support.c.o\x1b[0m\n'}
[5.276473] (robmovil_msgs) StdoutLine: {'line': b'[ 56%] \x1b[32mBuilding CXX object CMakeFiles/robmovil_msgs__rosidl_typesupport_introspection_cpp.dir/rosidl_typesupport_introspection_cpp/robmovil_msgs/msg/detail/trajectory__type_support.cpp.o\x1b[0m\n'}
[5.323389] (-) TimerEvent: {}
[5.364672] (robmovil_msgs) StdoutLine: {'line': b'[ 58%] \x1b[32mBuilding C object CMakeFiles/robmovil_msgs__rosidl_typesupport_introspection_c.dir/rosidl_typesupport_introspection_c/robmovil_msgs/msg/detail/landmark_array__type_support.c.o\x1b[0m\n'}
[5.423527] (-) TimerEvent: {}
[5.467133] (robmovil_msgs) StdoutLine: {'line': b'[ 59%] \x1b[32m\x1b[1mLinking C shared library librobmovil_msgs__rosidl_typesupport_introspection_c.so\x1b[0m\n'}
[5.506228] (robmovil_msgs) StdoutLine: {'line': b'[ 61%] \x1b[32mBuilding CXX object CMakeFiles/robmovil_msgs__rosidl_typesupport_introspection_cpp.dir/rosidl_typesupport_introspection_cpp/robmovil_msgs/msg/detail/trajectory_point__type_support.cpp.o\x1b[0m\n'}
[5.523633] (-) TimerEvent: {}
[5.568584] (robmovil_msgs) StdoutLine: {'line': b'[ 61%] Built target robmovil_msgs__rosidl_typesupport_introspection_c\n'}
[5.576388] (robmovil_msgs) StdoutLine: {'line': b'[ 62%] \x1b[32mBuilding CXX object CMakeFiles/robmovil_msgs__rosidl_typesupport_fastrtps_c.dir/rosidl_typesupport_fastrtps_c/robmovil_msgs/msg/detail/multi_encoder_ticks__type_support_c.cpp.o\x1b[0m\n'}
[5.599450] (robmovil_msgs) StdoutLine: {'line': b'[ 63%] \x1b[32mBuilding CXX object CMakeFiles/robmovil_msgs__rosidl_typesupport_cpp.dir/rosidl_typesupport_cpp/robmovil_msgs/msg/landmark_array__type_support.cpp.o\x1b[0m\n'}
[5.623741] (-) TimerEvent: {}
[5.629952] (robmovil_msgs) StdoutLine: {'line': b'[ 65%] \x1b[32mBuilding CXX object CMakeFiles/robmovil_msgs__rosidl_typesupport_fastrtps_cpp.dir/rosidl_typesupport_fastrtps_cpp/robmovil_msgs/msg/detail/dds_fastrtps/landmark__type_support.cpp.o\x1b[0m\n'}
[5.703450] (robmovil_msgs) StdoutLine: {'line': b'[ 66%] \x1b[32mBuilding CXX object CMakeFiles/robmovil_msgs__rosidl_typesupport_introspection_cpp.dir/rosidl_typesupport_introspection_cpp/robmovil_msgs/msg/detail/landmark__type_support.cpp.o\x1b[0m\n'}
[5.724014] (-) TimerEvent: {}
[5.789511] (robmovil_msgs) StdoutLine: {'line': b'[ 68%] \x1b[32mBuilding CXX object CMakeFiles/robmovil_msgs__rosidl_typesupport_fastrtps_c.dir/rosidl_typesupport_fastrtps_c/robmovil_msgs/msg/detail/trajectory__type_support_c.cpp.o\x1b[0m\n'}
[5.824162] (-) TimerEvent: {}
[5.925997] (-) TimerEvent: {}
[6.026456] (-) TimerEvent: {}
[6.054456] (robmovil_msgs) StdoutLine: {'line': b'[ 69%] \x1b[32mBuilding CXX object CMakeFiles/robmovil_msgs__rosidl_typesupport_fastrtps_cpp.dir/rosidl_typesupport_fastrtps_cpp/robmovil_msgs/msg/detail/dds_fastrtps/landmark_array__type_support.cpp.o\x1b[0m\n'}
[6.110457] (robmovil_msgs) StdoutLine: {'line': b'[ 70%] \x1b[32mBuilding CXX object CMakeFiles/robmovil_msgs__rosidl_typesupport_introspection_cpp.dir/rosidl_typesupport_introspection_cpp/robmovil_msgs/msg/detail/landmark_array__type_support.cpp.o\x1b[0m\n'}
[6.135838] (-) TimerEvent: {}
[6.168955] (robmovil_msgs) StdoutLine: {'line': b'[ 72%] \x1b[32m\x1b[1mLinking CXX shared library librobmovil_msgs__rosidl_typesupport_cpp.so\x1b[0m\n'}
[6.235916] (-) TimerEvent: {}
[6.289152] (robmovil_msgs) StdoutLine: {'line': b'[ 72%] Built target robmovil_msgs__rosidl_typesupport_cpp\n'}
[6.307977] (robmovil_msgs) StdoutLine: {'line': b'[ 73%] \x1b[32mBuilding CXX object CMakeFiles/robmovil_msgs__rosidl_typesupport_fastrtps_c.dir/rosidl_typesupport_fastrtps_c/robmovil_msgs/msg/detail/trajectory_point__type_support_c.cpp.o\x1b[0m\n'}
[6.322476] (robmovil_msgs) StdoutLine: {'line': b'[ 75%] \x1b[32mBuilding CXX object CMakeFiles/robmovil_msgs__rosidl_typesupport_fastrtps_c.dir/rosidl_typesupport_fastrtps_c/robmovil_msgs/msg/detail/landmark__type_support_c.cpp.o\x1b[0m\n'}
[6.336047] (-) TimerEvent: {}
[6.402195] (robmovil_msgs) StdoutLine: {'line': b'[ 76%] \x1b[32mBuilding CXX object CMakeFiles/robmovil_msgs__rosidl_typesupport_fastrtps_c.dir/rosidl_typesupport_fastrtps_c/robmovil_msgs/msg/detail/landmark_array__type_support_c.cpp.o\x1b[0m\n'}
[6.436146] (-) TimerEvent: {}
[6.536554] (-) TimerEvent: {}
[6.636924] (-) TimerEvent: {}
[6.737367] (-) TimerEvent: {}
[6.776732] (robmovil_msgs) StdoutLine: {'line': b'[ 77%] \x1b[32m\x1b[1mLinking CXX shared library librobmovil_msgs__rosidl_typesupport_fastrtps_cpp.so\x1b[0m\n'}
[6.837488] (-) TimerEvent: {}
[6.898212] (robmovil_msgs) StdoutLine: {'line': b'[ 79%] \x1b[32m\x1b[1mLinking CXX shared library librobmovil_msgs__rosidl_typesupport_introspection_cpp.so\x1b[0m\n'}
[6.900282] (robmovil_msgs) StdoutLine: {'line': b'[ 80%] \x1b[32m\x1b[1mLinking CXX shared library librobmovil_msgs__rosidl_typesupport_fastrtps_c.so\x1b[0m\n'}
[6.906377] (robmovil_msgs) StdoutLine: {'line': b'[ 80%] Built target robmovil_msgs__rosidl_typesupport_fastrtps_cpp\n'}
[6.937647] (-) TimerEvent: {}
[7.024007] (robmovil_msgs) StdoutLine: {'line': b'[ 80%] Built target robmovil_msgs__rosidl_typesupport_introspection_cpp\n'}
[7.028888] (robmovil_msgs) StdoutLine: {'line': b'[ 80%] Built target robmovil_msgs__rosidl_typesupport_fastrtps_c\n'}
[7.037747] (-) TimerEvent: {}
[7.055441] (robmovil_msgs) StdoutLine: {'line': b'[ 80%] Built target robmovil_msgs\n'}
[7.080919] (robmovil_msgs) StdoutLine: {'line': b'[ 81%] \x1b[34m\x1b[1mGenerating Python code for ROS interfaces\x1b[0m\n'}
[7.137856] (-) TimerEvent: {}
[7.238133] (-) TimerEvent: {}
[7.338497] (-) TimerEvent: {}
[7.438790] (-) TimerEvent: {}
[7.539133] (-) TimerEvent: {}
[7.639416] (-) TimerEvent: {}
[7.739858] (-) TimerEvent: {}
[7.840197] (-) TimerEvent: {}
[7.940450] (-) TimerEvent: {}
[8.040986] (-) TimerEvent: {}
[8.057529] (robmovil_msgs) StdoutLine: {'line': b'[ 81%] Built target robmovil_msgs__py\n'}
[8.084159] (robmovil_msgs) StdoutLine: {'line': b'[ 83%] \x1b[32mBuilding C object CMakeFiles/robmovil_msgs__rosidl_generator_py.dir/rosidl_generator_py/robmovil_msgs/msg/_trajectory_s.c.o\x1b[0m\n'}
[8.087512] (robmovil_msgs) StdoutLine: {'line': b'[ 87%] \x1b[32mBuilding C object CMakeFiles/robmovil_msgs__rosidl_generator_py.dir/rosidl_generator_py/robmovil_msgs/msg/_multi_encoder_ticks_s.c.o\x1b[0m\n'}
[8.087734] (robmovil_msgs) StdoutLine: {'line': b'[ 87%] \x1b[32mBuilding C object CMakeFiles/robmovil_msgs__rosidl_generator_py.dir/rosidl_generator_py/robmovil_msgs/msg/_encoder_ticks_s.c.o\x1b[0m\n'}
[8.087947] (robmovil_msgs) StdoutLine: {'line': b'[ 87%] \x1b[32mBuilding C object CMakeFiles/robmovil_msgs__rosidl_generator_py.dir/rosidl_generator_py/robmovil_msgs/msg/_landmark_s.c.o\x1b[0m\n'}
[8.088067] (robmovil_msgs) StdoutLine: {'line': b'[ 88%] \x1b[32mBuilding C object CMakeFiles/robmovil_msgs__rosidl_generator_py.dir/rosidl_generator_py/robmovil_msgs/msg/_trajectory_point_s.c.o\x1b[0m\n'}
[8.088196] (robmovil_msgs) StdoutLine: {'line': b'[ 90%] \x1b[32mBuilding C object CMakeFiles/robmovil_msgs__rosidl_generator_py.dir/rosidl_generator_py/robmovil_msgs/msg/_landmark_array_s.c.o\x1b[0m\n'}
[8.141086] (-) TimerEvent: {}
[8.241409] (-) TimerEvent: {}
[8.270369] (robmovil_msgs) StdoutLine: {'line': b'[ 91%] \x1b[32m\x1b[1mLinking C shared library rosidl_generator_py/robmovil_msgs/librobmovil_msgs__rosidl_generator_py.so\x1b[0m\n'}
[8.319755] (robmovil_msgs) StdoutLine: {'line': b'[ 91%] Built target robmovil_msgs__rosidl_generator_py\n'}
[8.341515] (-) TimerEvent: {}
[8.343275] (robmovil_msgs) StdoutLine: {'line': b'[ 93%] \x1b[32mBuilding C object CMakeFiles/robmovil_msgs__rosidl_typesupport_fastrtps_c__pyext.dir/rosidl_generator_py/robmovil_msgs/_robmovil_msgs_s.ep.rosidl_typesupport_fastrtps_c.c.o\x1b[0m\n'}
[8.343639] (robmovil_msgs) StdoutLine: {'line': b'[ 94%] \x1b[32mBuilding C object CMakeFiles/robmovil_msgs__rosidl_typesupport_c__pyext.dir/rosidl_generator_py/robmovil_msgs/_robmovil_msgs_s.ep.rosidl_typesupport_c.c.o\x1b[0m\n'}
[8.343837] (robmovil_msgs) StdoutLine: {'line': b'[ 95%] \x1b[32mBuilding C object CMakeFiles/robmovil_msgs__rosidl_typesupport_introspection_c__pyext.dir/rosidl_generator_py/robmovil_msgs/_robmovil_msgs_s.ep.rosidl_typesupport_introspection_c.c.o\x1b[0m\n'}
[8.441671] (-) TimerEvent: {}
[8.478622] (robmovil_msgs) StdoutLine: {'line': b'[ 97%] \x1b[32m\x1b[1mLinking C shared library rosidl_generator_py/robmovil_msgs/robmovil_msgs_s__rosidl_typesupport_fastrtps_c.cpython-310-x86_64-linux-gnu.so\x1b[0m\n'}
[8.479083] (robmovil_msgs) StdoutLine: {'line': b'[100%] \x1b[32m\x1b[1mLinking C shared library rosidl_generator_py/robmovil_msgs/robmovil_msgs_s__rosidl_typesupport_introspection_c.cpython-310-x86_64-linux-gnu.so\x1b[0m\n'}
[8.479278] (robmovil_msgs) StdoutLine: {'line': b'[100%] \x1b[32m\x1b[1mLinking C shared library rosidl_generator_py/robmovil_msgs/robmovil_msgs_s__rosidl_typesupport_c.cpython-310-x86_64-linux-gnu.so\x1b[0m\n'}
[8.527839] (robmovil_msgs) StdoutLine: {'line': b'[100%] Built target robmovil_msgs__rosidl_typesupport_introspection_c__pyext\n'}
[8.528193] (robmovil_msgs) StdoutLine: {'line': b'[100%] Built target robmovil_msgs__rosidl_typesupport_c__pyext\n'}
[8.528393] (robmovil_msgs) StdoutLine: {'line': b'[100%] Built target robmovil_msgs__rosidl_typesupport_fastrtps_c__pyext\n'}
[8.541754] (-) TimerEvent: {}
[8.542936] (robmovil_msgs) CommandEnded: {'returncode': 0}
[8.543711] (robmovil_msgs) JobProgress: {'identifier': 'robmovil_msgs', 'progress': 'install'}
[8.555257] (robmovil_msgs) Command: {'cmd': ['/usr/bin/cmake', '--install', '/root/ros2_ws/src/robotica/build/robmovil_msgs'], 'cwd': '/root/ros2_ws/src/robotica/build/robmovil_msgs', 'env': OrderedDict([('HOSTNAME', 'ae729c5307e7'), ('SHLVL', '1'), ('LD_LIBRARY_PATH', '/root/ros2_ws/install/lazo_abierto/lib:/root/ros2_ws/install/robmovil_msgs/lib:/usr/lib/x86_64-linux-gnu/gazebo-11/plugins:/opt/ros/humble/opt/rviz_ogre_vendor/lib:/opt/ros/humble/lib/x86_64-linux-gnu:/opt/ros/humble/lib:/usr/lib/x86_64-linux-gnu/gazebo-11/plugins:'), ('HOME', '/root'), ('OLDPWD', '/root/ros2_ws'), ('GAZEBO_MASTER_URI', 'http://localhost:11345'), ('ROS_PYTHON_VERSION', '3'), ('COLCON_PREFIX_PATH', '/root/ros2_ws/install'), ('ROS_DISTRO', 'humble'), ('_', '/usr/bin/colcon'), ('ROS_VERSION', '2'), ('TERM', 'xterm'), ('COPPELIASIM_ROOT_DIR', '/opt/CoppeliaSim_Edu_V4_7_0_rev2_Ubuntu20_04'), ('GAZEBO_MODEL_PATH', '/usr/share/gazebo-11/models:/opt/ros/humble/share/turtlebot3_gazebo/models/:/root/catkin_ws/volumen/models'), ('ROS_LOCALHOST_ONLY', '1'), ('QT_X11_NO_MITSHM', '1'), ('OGRE_RESOURCE_PATH', '/usr/lib/x86_64-linux-gnu/OGRE-1.9.0'), ('PATH', '/opt/CoppeliaSim_Edu_V4_7_0_rev2_Ubuntu20_04:/opt/ros/humble/bin:/opt/CoppeliaSim_Edu_V4_7_0_rev2_Ubuntu20_04:/usr/local/sbin:/usr/local/bin:/usr/sbin:/usr/bin:/sbin:/bin'), ('DISPLAY', ':0'), ('LANG', 'C.UTF-8'), ('LS_COLORS', 'rs=0:di=01;34:ln=01;36:mh=00:pi=40;33:so=01;35:do=01;35:bd=40;33;01:cd=40;33;01:or=40;31;01:mi=00:su=37;41:sg=30;43:ca=30;41:tw=30;42:ow=34;42:st=37;44:ex=01;32:*.tar=01;31:*.tgz=01;31:*.arc=01;31:*.arj=01;31:*.taz=01;31:*.lha=01;31:*.lz4=01;31:*.lzh=01;31:*.lzma=01;31:*.tlz=01;31:*.txz=01;31:*.tzo=01;31:*.t7z=01;31:*.zip=01;31:*.z=01;31:*.dz=01;31:*.gz=01;31:*.lrz=01;31:*.lz=01;31:*.lzo=01;31:*.xz=01;31:*.zst=01;31:*.tzst=01;31:*.bz2=01;31:*.bz=01;31:*.tbz=01;31:*.tbz2=01;31:*.tz=01;31:*.deb=01;31:*.rpm=01;31:*.jar=01;31:*.war=01;31:*.ear=01;31:*.sar=01;31:*.rar=01;31:*.alz=01;31:*.ace=01;31:*.zoo=01;31:*.cpio=01;31:*.7z=01;31:*.rz=01;31:*.cab=01;31:*.wim=01;31:*.swm=01;31:*.dwm=01;31:*.esd=01;31:*.jpg=01;35:*.jpeg=01;35:*.mjpg=01;35:*.mjpeg=01;35:*.gif=01;35:*.bmp=01;35:*.pbm=01;35:*.pgm=01;35:*.ppm=01;35:*.tga=01;35:*.xbm=01;35:*.xpm=01;35:*.tif=01;35:*.tiff=01;35:*.png=01;35:*.svg=01;35:*.svgz=01;35:*.mng=01;35:*.pcx=01;35:*.mov=01;35:*.mpg=01;35:*.mpeg=01;35:*.m2v=01;35:*.mkv=01;35:*.webm=01;35:*.webp=01;35:*.ogm=01;35:*.mp4=01;35:*.m4v=01;35:*.mp4v=01;35:*.vob=01;35:*.qt=01;35:*.nuv=01;35:*.wmv=01;35:*.asf=01;35:*.rm=01;35:*.rmvb=01;35:*.flc=01;35:*.avi=01;35:*.fli=01;35:*.flv=01;35:*.gl=01;35:*.dl=01;35:*.xcf=01;35:*.xwd=01;35:*.yuv=01;35:*.cgm=01;35:*.emf=01;35:*.ogv=01;35:*.ogx=01;35:*.aac=00;36:*.au=00;36:*.flac=00;36:*.m4a=00;36:*.mid=00;36:*.midi=00;36:*.mka=00;36:*.mp3=00;36:*.mpc=00;36:*.ogg=00;36:*.ra=00;36:*.wav=00;36:*.oga=00;36:*.opus=00;36:*.spx=00;36:*.xspf=00;36:'), ('ROS_DOMAIN_ID', '12'), ('AMENT_PREFIX_PATH', '/root/ros2_ws/install/sim_ros2_interface:/root/ros2_ws/install/lazo_abierto:/root/ros2_ws/install/ej2:/root/ros2_ws/install/ej1:/root/ros2_ws/install/robmovil_msgs:/opt/ros/humble'), ('DEBIAN_FRONTEND', 'noninteractive'), ('GAZEBO_RESOURCE_PATH', '/usr/share/gazebo-11:'), ('GAZEBO_MODEL_DATABASE_URI', 'http://models.gazebosim.org'), ('PWD', '/root/ros2_ws/src/robotica/build/robmovil_msgs'), ('TURTLEBOT3_MODEL', 'burger'), ('LC_ALL', 'C.UTF-8'), ('GAZEBO_PLUGIN_PATH', '/usr/lib/x86_64-linux-gnu/gazebo-11/plugins:'), ('PYTHONPATH', '/root/ros2_ws/install/robmovil_msgs/local/lib/python3.10/dist-packages:/opt/ros/humble/lib/python3.10/site-packages:/opt/ros/humble/local/lib/python3.10/dist-packages'), ('COLCON', '1'), ('CMAKE_PREFIX_PATH', '/root/ros2_ws/install/sim_ros2_interface:/root/ros2_ws/install/lazo_abierto:/root/ros2_ws/install/ej2:/root/ros2_ws/install/ej1:/root/ros2_ws/install/robmovil_msgs:/opt/ros/humble')]), 'shell': False}
[8.565242] (robmovil_msgs) StdoutLine: {'line': b'-- Install configuration: ""\n'}
[8.565532] (robmovil_msgs) StdoutLine: {'line': b'-- Installing: /root/ros2_ws/src/robotica/install/robmovil_msgs/share/ament_index/resource_index/rosidl_interfaces/robmovil_msgs\n'}
[8.565654] (robmovil_msgs) StdoutLine: {'line': b'-- Installing: /root/ros2_ws/src/robotica/install/robmovil_msgs/include/robmovil_msgs/robmovil_msgs\n'}
[8.565719] (robmovil_msgs) StdoutLine: {'line': b'-- Installing: /root/ros2_ws/src/robotica/install/robmovil_msgs/include/robmovil_msgs/robmovil_msgs/msg\n'}
[8.565781] (robmovil_msgs) StdoutLine: {'line': b'-- Installing: /root/ros2_ws/src/robotica/install/robmovil_msgs/include/robmovil_msgs/robmovil_msgs/msg/rosidl_generator_c__visibility_control.h\n'}
[8.565847] (robmovil_msgs) StdoutLine: {'line': b'-- Installing: /root/ros2_ws/src/robotica/install/robmovil_msgs/include/robmovil_msgs/robmovil_msgs/msg/encoder_ticks.h\n'}
[8.565932] (robmovil_msgs) StdoutLine: {'line': b'-- Installing: /root/ros2_ws/src/robotica/install/robmovil_msgs/include/robmovil_msgs/robmovil_msgs/msg/detail\n'}
[8.566011] (robmovil_msgs) StdoutLine: {'line': b'-- Installing: /root/ros2_ws/src/robotica/install/robmovil_msgs/include/robmovil_msgs/robmovil_msgs/msg/detail/encoder_ticks__functions.c\n'}
[8.566425] (robmovil_msgs) StdoutLine: {'line': b'-- Installing: /root/ros2_ws/src/robotica/install/robmovil_msgs/include/robmovil_msgs/robmovil_msgs/msg/detail/encoder_ticks__functions.h\n'}
[8.566784] (robmovil_msgs) StdoutLine: {'line': b'-- Installing: /root/ros2_ws/src/robotica/install/robmovil_msgs/include/robmovil_msgs/robmovil_msgs/msg/detail/encoder_ticks__struct.h\n'}
[8.567042] (robmovil_msgs) StdoutLine: {'line': b'-- Installing: /root/ros2_ws/src/robotica/install/robmovil_msgs/include/robmovil_msgs/robmovil_msgs/msg/detail/encoder_ticks__type_support.h\n'}
[8.567376] (robmovil_msgs) StdoutLine: {'line': b'-- Installing: /root/ros2_ws/src/robotica/install/robmovil_msgs/include/robmovil_msgs/robmovil_msgs/msg/detail/multi_encoder_ticks__functions.c\n'}
[8.567720] (robmovil_msgs) StdoutLine: {'line': b'-- Installing: /root/ros2_ws/src/robotica/install/robmovil_msgs/include/robmovil_msgs/robmovil_msgs/msg/detail/multi_encoder_ticks__functions.h\n'}
[8.567988] (robmovil_msgs) StdoutLine: {'line': b'-- Installing: /root/ros2_ws/src/robotica/install/robmovil_msgs/include/robmovil_msgs/robmovil_msgs/msg/detail/multi_encoder_ticks__struct.h\n'}
[8.568146] (robmovil_msgs) StdoutLine: {'line': b'-- Installing: /root/ros2_ws/src/robotica/install/robmovil_msgs/include/robmovil_msgs/robmovil_msgs/msg/detail/multi_encoder_ticks__type_support.h\n'}
[8.569166] (robmovil_msgs) StdoutLine: {'line': b'-- Installing: /root/ros2_ws/src/robotica/install/robmovil_msgs/include/robmovil_msgs/robmovil_msgs/msg/detail/trajectory__functions.c\n'}
[8.569399] (robmovil_msgs) StdoutLine: {'line': b'-- Installing: /root/ros2_ws/src/robotica/install/robmovil_msgs/include/robmovil_msgs/robmovil_msgs/msg/detail/trajectory__functions.h\n'}
[8.569486] (robmovil_msgs) StdoutLine: {'line': b'-- Installing: /root/ros2_ws/src/robotica/install/robmovil_msgs/include/robmovil_msgs/robmovil_msgs/msg/detail/trajectory__struct.h\n'}
[8.569566] (robmovil_msgs) StdoutLine: {'line': b'-- Installing: /root/ros2_ws/src/robotica/install/robmovil_msgs/include/robmovil_msgs/robmovil_msgs/msg/detail/trajectory__type_support.h\n'}
[8.569666] (robmovil_msgs) StdoutLine: {'line': b'-- Installing: /root/ros2_ws/src/robotica/install/robmovil_msgs/include/robmovil_msgs/robmovil_msgs/msg/detail/trajectory_point__functions.c\n'}
[8.569752] (robmovil_msgs) StdoutLine: {'line': b'-- Installing: /root/ros2_ws/src/robotica/install/robmovil_msgs/include/robmovil_msgs/robmovil_msgs/msg/detail/trajectory_point__functions.h\n'}
[8.569840] (robmovil_msgs) StdoutLine: {'line': b'-- Installing: /root/ros2_ws/src/robotica/install/robmovil_msgs/include/robmovil_msgs/robmovil_msgs/msg/detail/trajectory_point__struct.h\n'}
[8.569907] (robmovil_msgs) StdoutLine: {'line': b'-- Installing: /root/ros2_ws/src/robotica/install/robmovil_msgs/include/robmovil_msgs/robmovil_msgs/msg/detail/trajectory_point__type_support.h\n'}
[8.569972] (robmovil_msgs) StdoutLine: {'line': b'-- Installing: /root/ros2_ws/src/robotica/install/robmovil_msgs/include/robmovil_msgs/robmovil_msgs/msg/detail/landmark__functions.c\n'}
[8.570091] (robmovil_msgs) StdoutLine: {'line': b'-- Installing: /root/ros2_ws/src/robotica/install/robmovil_msgs/include/robmovil_msgs/robmovil_msgs/msg/detail/landmark__functions.h\n'}
[8.570256] (robmovil_msgs) StdoutLine: {'line': b'-- Installing: /root/ros2_ws/src/robotica/install/robmovil_msgs/include/robmovil_msgs/robmovil_msgs/msg/detail/landmark__struct.h\n'}
[8.570444] (robmovil_msgs) StdoutLine: {'line': b'-- Installing: /root/ros2_ws/src/robotica/install/robmovil_msgs/include/robmovil_msgs/robmovil_msgs/msg/detail/landmark__type_support.h\n'}
[8.570632] (robmovil_msgs) StdoutLine: {'line': b'-- Installing: /root/ros2_ws/src/robotica/install/robmovil_msgs/include/robmovil_msgs/robmovil_msgs/msg/detail/landmark_array__functions.c\n'}
[8.570836] (robmovil_msgs) StdoutLine: {'line': b'-- Installing: /root/ros2_ws/src/robotica/install/robmovil_msgs/include/robmovil_msgs/robmovil_msgs/msg/detail/landmark_array__functions.h\n'}
[8.571018] (robmovil_msgs) StdoutLine: {'line': b'-- Installing: /root/ros2_ws/src/robotica/install/robmovil_msgs/include/robmovil_msgs/robmovil_msgs/msg/detail/landmark_array__struct.h\n'}
[8.571198] (robmovil_msgs) StdoutLine: {'line': b'-- Installing: /root/ros2_ws/src/robotica/install/robmovil_msgs/include/robmovil_msgs/robmovil_msgs/msg/detail/landmark_array__type_support.h\n'}
[8.571392] (robmovil_msgs) StdoutLine: {'line': b'-- Installing: /root/ros2_ws/src/robotica/install/robmovil_msgs/include/robmovil_msgs/robmovil_msgs/msg/multi_encoder_ticks.h\n'}
[8.571588] (robmovil_msgs) StdoutLine: {'line': b'-- Installing: /root/ros2_ws/src/robotica/install/robmovil_msgs/include/robmovil_msgs/robmovil_msgs/msg/trajectory.h\n'}
[8.571769] (robmovil_msgs) StdoutLine: {'line': b'-- Installing: /root/ros2_ws/src/robotica/install/robmovil_msgs/include/robmovil_msgs/robmovil_msgs/msg/trajectory_point.h\n'}
[8.571946] (robmovil_msgs) StdoutLine: {'line': b'-- Installing: /root/ros2_ws/src/robotica/install/robmovil_msgs/include/robmovil_msgs/robmovil_msgs/msg/landmark.h\n'}
[8.572089] (robmovil_msgs) StdoutLine: {'line': b'-- Installing: /root/ros2_ws/src/robotica/install/robmovil_msgs/include/robmovil_msgs/robmovil_msgs/msg/landmark_array.h\n'}
[8.572267] (robmovil_msgs) StdoutLine: {'line': b'-- Installing: /root/ros2_ws/src/robotica/install/robmovil_msgs/share/robmovil_msgs/environment/library_path.sh\n'}
[8.572453] (robmovil_msgs) StdoutLine: {'line': b'-- Installing: /root/ros2_ws/src/robotica/install/robmovil_msgs/share/robmovil_msgs/environment/library_path.dsv\n'}
[8.572755] (robmovil_msgs) StdoutLine: {'line': b'-- Installing: /root/ros2_ws/src/robotica/install/robmovil_msgs/lib/librobmovil_msgs__rosidl_generator_c.so\n'}
[8.573811] (robmovil_msgs) StdoutLine: {'line': b'-- Set runtime path of "/root/ros2_ws/src/robotica/install/robmovil_msgs/lib/librobmovil_msgs__rosidl_generator_c.so" to ""\n'}
[8.574058] (robmovil_msgs) StdoutLine: {'line': b'-- Up-to-date: /root/ros2_ws/src/robotica/install/robmovil_msgs/include/robmovil_msgs/robmovil_msgs\n'}
[8.574202] (robmovil_msgs) StdoutLine: {'line': b'-- Up-to-date: /root/ros2_ws/src/robotica/install/robmovil_msgs/include/robmovil_msgs/robmovil_msgs/msg\n'}
[8.574459] (robmovil_msgs) StdoutLine: {'line': b'-- Installing: /root/ros2_ws/src/robotica/install/robmovil_msgs/include/robmovil_msgs/robmovil_msgs/msg/rosidl_typesupport_fastrtps_c__visibility_control.h\n'}
[8.574601] (robmovil_msgs) StdoutLine: {'line': b'-- Up-to-date: /root/ros2_ws/src/robotica/install/robmovil_msgs/include/robmovil_msgs/robmovil_msgs/msg/detail\n'}
[8.574792] (robmovil_msgs) StdoutLine: {'line': b'-- Installing: /root/ros2_ws/src/robotica/install/robmovil_msgs/include/robmovil_msgs/robmovil_msgs/msg/detail/encoder_ticks__rosidl_typesupport_fastrtps_c.h\n'}
[8.574969] (robmovil_msgs) StdoutLine: {'line': b'-- Installing: /root/ros2_ws/src/robotica/install/robmovil_msgs/include/robmovil_msgs/robmovil_msgs/msg/detail/multi_encoder_ticks__rosidl_typesupport_fastrtps_c.h\n'}
[8.575083] (robmovil_msgs) StdoutLine: {'line': b'-- Installing: /root/ros2_ws/src/robotica/install/robmovil_msgs/include/robmovil_msgs/robmovil_msgs/msg/detail/trajectory__rosidl_typesupport_fastrtps_c.h\n'}
[8.575226] (robmovil_msgs) StdoutLine: {'line': b'-- Installing: /root/ros2_ws/src/robotica/install/robmovil_msgs/include/robmovil_msgs/robmovil_msgs/msg/detail/trajectory_point__rosidl_typesupport_fastrtps_c.h\n'}
[8.575356] (robmovil_msgs) StdoutLine: {'line': b'-- Installing: /root/ros2_ws/src/robotica/install/robmovil_msgs/include/robmovil_msgs/robmovil_msgs/msg/detail/landmark__rosidl_typesupport_fastrtps_c.h\n'}
[8.575471] (robmovil_msgs) StdoutLine: {'line': b'-- Installing: /root/ros2_ws/src/robotica/install/robmovil_msgs/include/robmovil_msgs/robmovil_msgs/msg/detail/landmark_array__rosidl_typesupport_fastrtps_c.h\n'}
[8.575588] (robmovil_msgs) StdoutLine: {'line': b'-- Installing: /root/ros2_ws/src/robotica/install/robmovil_msgs/lib/librobmovil_msgs__rosidl_typesupport_fastrtps_c.so\n'}
[8.576180] (robmovil_msgs) StdoutLine: {'line': b'-- Set runtime path of "/root/ros2_ws/src/robotica/install/robmovil_msgs/lib/librobmovil_msgs__rosidl_typesupport_fastrtps_c.so" to ""\n'}
[8.576419] (robmovil_msgs) StdoutLine: {'line': b'-- Up-to-date: /root/ros2_ws/src/robotica/install/robmovil_msgs/include/robmovil_msgs/robmovil_msgs\n'}
[8.576605] (robmovil_msgs) StdoutLine: {'line': b'-- Up-to-date: /root/ros2_ws/src/robotica/install/robmovil_msgs/include/robmovil_msgs/robmovil_msgs/msg\n'}
[8.576778] (robmovil_msgs) StdoutLine: {'line': b'-- Installing: /root/ros2_ws/src/robotica/install/robmovil_msgs/include/robmovil_msgs/robmovil_msgs/msg/rosidl_typesupport_introspection_c__visibility_control.h\n'}
[8.576961] (robmovil_msgs) StdoutLine: {'line': b'-- Up-to-date: /root/ros2_ws/src/robotica/install/robmovil_msgs/include/robmovil_msgs/robmovil_msgs/msg/detail\n'}
[8.577172] (robmovil_msgs) StdoutLine: {'line': b'-- Installing: /root/ros2_ws/src/robotica/install/robmovil_msgs/include/robmovil_msgs/robmovil_msgs/msg/detail/encoder_ticks__rosidl_typesupport_introspection_c.h\n'}
[8.577375] (robmovil_msgs) StdoutLine: {'line': b'-- Installing: /root/ros2_ws/src/robotica/install/robmovil_msgs/include/robmovil_msgs/robmovil_msgs/msg/detail/encoder_ticks__type_support.c\n'}
[8.577563] (robmovil_msgs) StdoutLine: {'line': b'-- Installing: /root/ros2_ws/src/robotica/install/robmovil_msgs/include/robmovil_msgs/robmovil_msgs/msg/detail/multi_encoder_ticks__rosidl_typesupport_introspection_c.h\n'}
[8.577713] (robmovil_msgs) StdoutLine: {'line': b'-- Installing: /root/ros2_ws/src/robotica/install/robmovil_msgs/include/robmovil_msgs/robmovil_msgs/msg/detail/multi_encoder_ticks__type_support.c\n'}
[8.577897] (robmovil_msgs) StdoutLine: {'line': b'-- Installing: /root/ros2_ws/src/robotica/install/robmovil_msgs/include/robmovil_msgs/robmovil_msgs/msg/detail/trajectory__rosidl_typesupport_introspection_c.h\n'}
[8.578043] (robmovil_msgs) StdoutLine: {'line': b'-- Installing: /root/ros2_ws/src/robotica/install/robmovil_msgs/include/robmovil_msgs/robmovil_msgs/msg/detail/trajectory__type_support.c\n'}
[8.578237] (robmovil_msgs) StdoutLine: {'line': b'-- Installing: /root/ros2_ws/src/robotica/install/robmovil_msgs/include/robmovil_msgs/robmovil_msgs/msg/detail/trajectory_point__rosidl_typesupport_introspection_c.h\n'}
[8.578426] (robmovil_msgs) StdoutLine: {'line': b'-- Installing: /root/ros2_ws/src/robotica/install/robmovil_msgs/include/robmovil_msgs/robmovil_msgs/msg/detail/trajectory_point__type_support.c\n'}
[8.578657] (robmovil_msgs) StdoutLine: {'line': b'-- Installing: /root/ros2_ws/src/robotica/install/robmovil_msgs/include/robmovil_msgs/robmovil_msgs/msg/detail/landmark__rosidl_typesupport_introspection_c.h\n'}
[8.578817] (robmovil_msgs) StdoutLine: {'line': b'-- Installing: /root/ros2_ws/src/robotica/install/robmovil_msgs/include/robmovil_msgs/robmovil_msgs/msg/detail/landmark__type_support.c\n'}
[8.578945] (robmovil_msgs) StdoutLine: {'line': b'-- Installing: /root/ros2_ws/src/robotica/install/robmovil_msgs/include/robmovil_msgs/robmovil_msgs/msg/detail/landmark_array__rosidl_typesupport_introspection_c.h\n'}
[8.579109] (robmovil_msgs) StdoutLine: {'line': b'-- Installing: /root/ros2_ws/src/robotica/install/robmovil_msgs/include/robmovil_msgs/robmovil_msgs/msg/detail/landmark_array__type_support.c\n'}
[8.579186] (robmovil_msgs) StdoutLine: {'line': b'-- Installing: /root/ros2_ws/src/robotica/install/robmovil_msgs/lib/librobmovil_msgs__rosidl_typesupport_introspection_c.so\n'}
[8.579823] (robmovil_msgs) StdoutLine: {'line': b'-- Set runtime path of "/root/ros2_ws/src/robotica/install/robmovil_msgs/lib/librobmovil_msgs__rosidl_typesupport_introspection_c.so" to ""\n'}
[8.579953] (robmovil_msgs) StdoutLine: {'line': b'-- Installing: /root/ros2_ws/src/robotica/install/robmovil_msgs/lib/librobmovil_msgs__rosidl_typesupport_c.so\n'}
[8.580550] (robmovil_msgs) StdoutLine: {'line': b'-- Set runtime path of "/root/ros2_ws/src/robotica/install/robmovil_msgs/lib/librobmovil_msgs__rosidl_typesupport_c.so" to ""\n'}
[8.580779] (robmovil_msgs) StdoutLine: {'line': b'-- Up-to-date: /root/ros2_ws/src/robotica/install/robmovil_msgs/include/robmovil_msgs/robmovil_msgs\n'}
[8.580929] (robmovil_msgs) StdoutLine: {'line': b'-- Up-to-date: /root/ros2_ws/src/robotica/install/robmovil_msgs/include/robmovil_msgs/robmovil_msgs/msg\n'}
[8.581112] (robmovil_msgs) StdoutLine: {'line': b'-- Installing: /root/ros2_ws/src/robotica/install/robmovil_msgs/include/robmovil_msgs/robmovil_msgs/msg/rosidl_generator_cpp__visibility_control.hpp\n'}
[8.581230] (robmovil_msgs) StdoutLine: {'line': b'-- Installing: /root/ros2_ws/src/robotica/install/robmovil_msgs/include/robmovil_msgs/robmovil_msgs/msg/encoder_ticks.hpp\n'}
[8.581387] (robmovil_msgs) StdoutLine: {'line': b'-- Up-to-date: /root/ros2_ws/src/robotica/install/robmovil_msgs/include/robmovil_msgs/robmovil_msgs/msg/detail\n'}
[8.581594] (robmovil_msgs) StdoutLine: {'line': b'-- Installing: /root/ros2_ws/src/robotica/install/robmovil_msgs/include/robmovil_msgs/robmovil_msgs/msg/detail/encoder_ticks__builder.hpp\n'}
[8.581794] (robmovil_msgs) StdoutLine: {'line': b'-- Installing: /root/ros2_ws/src/robotica/install/robmovil_msgs/include/robmovil_msgs/robmovil_msgs/msg/detail/encoder_ticks__struct.hpp\n'}
[8.581924] (robmovil_msgs) StdoutLine: {'line': b'-- Installing: /root/ros2_ws/src/robotica/install/robmovil_msgs/include/robmovil_msgs/robmovil_msgs/msg/detail/encoder_ticks__traits.hpp\n'}
[8.582034] (robmovil_msgs) StdoutLine: {'line': b'-- Installing: /root/ros2_ws/src/robotica/install/robmovil_msgs/include/robmovil_msgs/robmovil_msgs/msg/detail/encoder_ticks__type_support.hpp\n'}
[8.582184] (robmovil_msgs) StdoutLine: {'line': b'-- Installing: /root/ros2_ws/src/robotica/install/robmovil_msgs/include/robmovil_msgs/robmovil_msgs/msg/detail/multi_encoder_ticks__builder.hpp\n'}
[8.582328] (robmovil_msgs) StdoutLine: {'line': b'-- Installing: /root/ros2_ws/src/robotica/install/robmovil_msgs/include/robmovil_msgs/robmovil_msgs/msg/detail/multi_encoder_ticks__struct.hpp\n'}
[8.582469] (robmovil_msgs) StdoutLine: {'line': b'-- Installing: /root/ros2_ws/src/robotica/install/robmovil_msgs/include/robmovil_msgs/robmovil_msgs/msg/detail/multi_encoder_ticks__traits.hpp\n'}
[8.582580] (robmovil_msgs) StdoutLine: {'line': b'-- Installing: /root/ros2_ws/src/robotica/install/robmovil_msgs/include/robmovil_msgs/robmovil_msgs/msg/detail/multi_encoder_ticks__type_support.hpp\n'}
[8.582739] (robmovil_msgs) StdoutLine: {'line': b'-- Installing: /root/ros2_ws/src/robotica/install/robmovil_msgs/include/robmovil_msgs/robmovil_msgs/msg/detail/trajectory__builder.hpp\n'}
[8.582895] (robmovil_msgs) StdoutLine: {'line': b'-- Installing: /root/ros2_ws/src/robotica/install/robmovil_msgs/include/robmovil_msgs/robmovil_msgs/msg/detail/trajectory__struct.hpp\n'}
[8.583031] (robmovil_msgs) StdoutLine: {'line': b'-- Installing: /root/ros2_ws/src/robotica/install/robmovil_msgs/include/robmovil_msgs/robmovil_msgs/msg/detail/trajectory__traits.hpp\n'}
[8.583167] (robmovil_msgs) StdoutLine: {'line': b'-- Installing: /root/ros2_ws/src/robotica/install/robmovil_msgs/include/robmovil_msgs/robmovil_msgs/msg/detail/trajectory__type_support.hpp\n'}
[8.583276] (robmovil_msgs) StdoutLine: {'line': b'-- Installing: /root/ros2_ws/src/robotica/install/robmovil_msgs/include/robmovil_msgs/robmovil_msgs/msg/detail/trajectory_point__builder.hpp\n'}
[8.583465] (robmovil_msgs) StdoutLine: {'line': b'-- Installing: /root/ros2_ws/src/robotica/install/robmovil_msgs/include/robmovil_msgs/robmovil_msgs/msg/detail/trajectory_point__struct.hpp\n'}
[8.583598] (robmovil_msgs) StdoutLine: {'line': b'-- Installing: /root/ros2_ws/src/robotica/install/robmovil_msgs/include/robmovil_msgs/robmovil_msgs/msg/detail/trajectory_point__traits.hpp\n'}
[8.583700] (robmovil_msgs) StdoutLine: {'line': b'-- Installing: /root/ros2_ws/src/robotica/install/robmovil_msgs/include/robmovil_msgs/robmovil_msgs/msg/detail/trajectory_point__type_support.hpp\n'}
[8.583868] (robmovil_msgs) StdoutLine: {'line': b'-- Installing: /root/ros2_ws/src/robotica/install/robmovil_msgs/include/robmovil_msgs/robmovil_msgs/msg/detail/landmark__builder.hpp\n'}
[8.584037] (robmovil_msgs) StdoutLine: {'line': b'-- Installing: /root/ros2_ws/src/robotica/install/robmovil_msgs/include/robmovil_msgs/robmovil_msgs/msg/detail/landmark__struct.hpp\n'}
[8.584177] (robmovil_msgs) StdoutLine: {'line': b'-- Installing: /root/ros2_ws/src/robotica/install/robmovil_msgs/include/robmovil_msgs/robmovil_msgs/msg/detail/landmark__traits.hpp\n'}
[8.584300] (robmovil_msgs) StdoutLine: {'line': b'-- Installing: /root/ros2_ws/src/robotica/install/robmovil_msgs/include/robmovil_msgs/robmovil_msgs/msg/detail/landmark__type_support.hpp\n'}
[8.584397] (robmovil_msgs) StdoutLine: {'line': b'-- Installing: /root/ros2_ws/src/robotica/install/robmovil_msgs/include/robmovil_msgs/robmovil_msgs/msg/detail/landmark_array__builder.hpp\n'}
[8.584484] (robmovil_msgs) StdoutLine: {'line': b'-- Installing: /root/ros2_ws/src/robotica/install/robmovil_msgs/include/robmovil_msgs/robmovil_msgs/msg/detail/landmark_array__struct.hpp\n'}
[8.584548] (robmovil_msgs) StdoutLine: {'line': b'-- Installing: /root/ros2_ws/src/robotica/install/robmovil_msgs/include/robmovil_msgs/robmovil_msgs/msg/detail/landmark_array__traits.hpp\n'}
[8.584694] (robmovil_msgs) StdoutLine: {'line': b'-- Installing: /root/ros2_ws/src/robotica/install/robmovil_msgs/include/robmovil_msgs/robmovil_msgs/msg/detail/landmark_array__type_support.hpp\n'}
[8.584815] (robmovil_msgs) StdoutLine: {'line': b'-- Installing: /root/ros2_ws/src/robotica/install/robmovil_msgs/include/robmovil_msgs/robmovil_msgs/msg/multi_encoder_ticks.hpp\n'}
[8.584971] (robmovil_msgs) StdoutLine: {'line': b'-- Installing: /root/ros2_ws/src/robotica/install/robmovil_msgs/include/robmovil_msgs/robmovil_msgs/msg/trajectory.hpp\n'}
[8.585077] (robmovil_msgs) StdoutLine: {'line': b'-- Installing: /root/ros2_ws/src/robotica/install/robmovil_msgs/include/robmovil_msgs/robmovil_msgs/msg/trajectory_point.hpp\n'}
[8.585169] (robmovil_msgs) StdoutLine: {'line': b'-- Installing: /root/ros2_ws/src/robotica/install/robmovil_msgs/include/robmovil_msgs/robmovil_msgs/msg/landmark.hpp\n'}
[8.585287] (robmovil_msgs) StdoutLine: {'line': b'-- Installing: /root/ros2_ws/src/robotica/install/robmovil_msgs/include/robmovil_msgs/robmovil_msgs/msg/landmark_array.hpp\n'}
[8.585567] (robmovil_msgs) StdoutLine: {'line': b'-- Up-to-date: /root/ros2_ws/src/robotica/install/robmovil_msgs/include/robmovil_msgs/robmovil_msgs\n'}
[8.585692] (robmovil_msgs) StdoutLine: {'line': b'-- Up-to-date: /root/ros2_ws/src/robotica/install/robmovil_msgs/include/robmovil_msgs/robmovil_msgs/msg\n'}
[8.585800] (robmovil_msgs) StdoutLine: {'line': b'-- Installing: /root/ros2_ws/src/robotica/install/robmovil_msgs/include/robmovil_msgs/robmovil_msgs/msg/rosidl_typesupport_fastrtps_cpp__visibility_control.h\n'}
[8.585892] (robmovil_msgs) StdoutLine: {'line': b'-- Up-to-date: /root/ros2_ws/src/robotica/install/robmovil_msgs/include/robmovil_msgs/robmovil_msgs/msg/detail\n'}
[8.585977] (robmovil_msgs) StdoutLine: {'line': b'-- Installing: /root/ros2_ws/src/robotica/install/robmovil_msgs/include/robmovil_msgs/robmovil_msgs/msg/detail/encoder_ticks__rosidl_typesupport_fastrtps_cpp.hpp\n'}
[8.586042] (robmovil_msgs) StdoutLine: {'line': b'-- Installing: /root/ros2_ws/src/robotica/install/robmovil_msgs/include/robmovil_msgs/robmovil_msgs/msg/detail/dds_fastrtps\n'}
[8.586196] (robmovil_msgs) StdoutLine: {'line': b'-- Installing: /root/ros2_ws/src/robotica/install/robmovil_msgs/include/robmovil_msgs/robmovil_msgs/msg/detail/multi_encoder_ticks__rosidl_typesupport_fastrtps_cpp.hpp\n'}
[8.586368] (robmovil_msgs) StdoutLine: {'line': b'-- Installing: /root/ros2_ws/src/robotica/install/robmovil_msgs/include/robmovil_msgs/robmovil_msgs/msg/detail/trajectory__rosidl_typesupport_fastrtps_cpp.hpp\n'}
[8.586560] (robmovil_msgs) StdoutLine: {'line': b'-- Installing: /root/ros2_ws/src/robotica/install/robmovil_msgs/include/robmovil_msgs/robmovil_msgs/msg/detail/trajectory_point__rosidl_typesupport_fastrtps_cpp.hpp\n'}
[8.586655] (robmovil_msgs) StdoutLine: {'line': b'-- Installing: /root/ros2_ws/src/robotica/install/robmovil_msgs/include/robmovil_msgs/robmovil_msgs/msg/detail/landmark__rosidl_typesupport_fastrtps_cpp.hpp\n'}
[8.586738] (robmovil_msgs) StdoutLine: {'line': b'-- Installing: /root/ros2_ws/src/robotica/install/robmovil_msgs/include/robmovil_msgs/robmovil_msgs/msg/detail/landmark_array__rosidl_typesupport_fastrtps_cpp.hpp\n'}
[8.586920] (robmovil_msgs) StdoutLine: {'line': b'-- Installing: /root/ros2_ws/src/robotica/install/robmovil_msgs/lib/librobmovil_msgs__rosidl_typesupport_fastrtps_cpp.so\n'}
[8.588227] (robmovil_msgs) StdoutLine: {'line': b'-- Set runtime path of "/root/ros2_ws/src/robotica/install/robmovil_msgs/lib/librobmovil_msgs__rosidl_typesupport_fastrtps_cpp.so" to ""\n'}
[8.588528] (robmovil_msgs) StdoutLine: {'line': b'-- Up-to-date: /root/ros2_ws/src/robotica/install/robmovil_msgs/include/robmovil_msgs/robmovil_msgs\n'}
[8.588751] (robmovil_msgs) StdoutLine: {'line': b'-- Up-to-date: /root/ros2_ws/src/robotica/install/robmovil_msgs/include/robmovil_msgs/robmovil_msgs/msg\n'}
[8.588945] (robmovil_msgs) StdoutLine: {'line': b'-- Up-to-date: /root/ros2_ws/src/robotica/install/robmovil_msgs/include/robmovil_msgs/robmovil_msgs/msg/detail\n'}
[8.589110] (robmovil_msgs) StdoutLine: {'line': b'-- Installing: /root/ros2_ws/src/robotica/install/robmovil_msgs/include/robmovil_msgs/robmovil_msgs/msg/detail/encoder_ticks__rosidl_typesupport_introspection_cpp.hpp\n'}
[8.589289] (robmovil_msgs) StdoutLine: {'line': b'-- Installing: /root/ros2_ws/src/robotica/install/robmovil_msgs/include/robmovil_msgs/robmovil_msgs/msg/detail/encoder_ticks__type_support.cpp\n'}
[8.589518] (robmovil_msgs) StdoutLine: {'line': b'-- Installing: /root/ros2_ws/src/robotica/install/robmovil_msgs/include/robmovil_msgs/robmovil_msgs/msg/detail/multi_encoder_ticks__rosidl_typesupport_introspection_cpp.hpp\n'}
[8.589687] (robmovil_msgs) StdoutLine: {'line': b'-- Installing: /root/ros2_ws/src/robotica/install/robmovil_msgs/include/robmovil_msgs/robmovil_msgs/msg/detail/multi_encoder_ticks__type_support.cpp\n'}
[8.589851] (robmovil_msgs) StdoutLine: {'line': b'-- Installing: /root/ros2_ws/src/robotica/install/robmovil_msgs/include/robmovil_msgs/robmovil_msgs/msg/detail/trajectory__rosidl_typesupport_introspection_cpp.hpp\n'}
[8.589961] (robmovil_msgs) StdoutLine: {'line': b'-- Installing: /root/ros2_ws/src/robotica/install/robmovil_msgs/include/robmovil_msgs/robmovil_msgs/msg/detail/trajectory__type_support.cpp\n'}
[8.590095] (robmovil_msgs) StdoutLine: {'line': b'-- Installing: /root/ros2_ws/src/robotica/install/robmovil_msgs/include/robmovil_msgs/robmovil_msgs/msg/detail/trajectory_point__rosidl_typesupport_introspection_cpp.hpp\n'}
[8.590259] (robmovil_msgs) StdoutLine: {'line': b'-- Installing: /root/ros2_ws/src/robotica/install/robmovil_msgs/include/robmovil_msgs/robmovil_msgs/msg/detail/trajectory_point__type_support.cpp\n'}
[8.590437] (robmovil_msgs) StdoutLine: {'line': b'-- Installing: /root/ros2_ws/src/robotica/install/robmovil_msgs/include/robmovil_msgs/robmovil_msgs/msg/detail/landmark__rosidl_typesupport_introspection_cpp.hpp\n'}
[8.590573] (robmovil_msgs) StdoutLine: {'line': b'-- Installing: /root/ros2_ws/src/robotica/install/robmovil_msgs/include/robmovil_msgs/robmovil_msgs/msg/detail/landmark__type_support.cpp\n'}
[8.590679] (robmovil_msgs) StdoutLine: {'line': b'-- Installing: /root/ros2_ws/src/robotica/install/robmovil_msgs/include/robmovil_msgs/robmovil_msgs/msg/detail/landmark_array__rosidl_typesupport_introspection_cpp.hpp\n'}
[8.590791] (robmovil_msgs) StdoutLine: {'line': b'-- Installing: /root/ros2_ws/src/robotica/install/robmovil_msgs/include/robmovil_msgs/robmovil_msgs/msg/detail/landmark_array__type_support.cpp\n'}
[8.590919] (robmovil_msgs) StdoutLine: {'line': b'-- Installing: /root/ros2_ws/src/robotica/install/robmovil_msgs/lib/librobmovil_msgs__rosidl_typesupport_introspection_cpp.so\n'}
[8.591891] (robmovil_msgs) StdoutLine: {'line': b'-- Set runtime path of "/root/ros2_ws/src/robotica/install/robmovil_msgs/lib/librobmovil_msgs__rosidl_typesupport_introspection_cpp.so" to ""\n'}
[8.592139] (robmovil_msgs) StdoutLine: {'line': b'-- Installing: /root/ros2_ws/src/robotica/install/robmovil_msgs/lib/librobmovil_msgs__rosidl_typesupport_cpp.so\n'}
[8.592857] (robmovil_msgs) StdoutLine: {'line': b'-- Set runtime path of "/root/ros2_ws/src/robotica/install/robmovil_msgs/lib/librobmovil_msgs__rosidl_typesupport_cpp.so" to ""\n'}
[8.592972] (robmovil_msgs) StdoutLine: {'line': b'-- Installing: /root/ros2_ws/src/robotica/install/robmovil_msgs/share/robmovil_msgs/environment/pythonpath.sh\n'}
[8.593164] (robmovil_msgs) StdoutLine: {'line': b'-- Installing: /root/ros2_ws/src/robotica/install/robmovil_msgs/share/robmovil_msgs/environment/pythonpath.dsv\n'}
[8.593311] (robmovil_msgs) StdoutLine: {'line': b'-- Installing: /root/ros2_ws/src/robotica/install/robmovil_msgs/local/lib/python3.10/dist-packages/robmovil_msgs-0.0.0-py3.10.egg-info\n'}
[8.593558] (robmovil_msgs) StdoutLine: {'line': b'-- Installing: /root/ros2_ws/src/robotica/install/robmovil_msgs/local/lib/python3.10/dist-packages/robmovil_msgs-0.0.0-py3.10.egg-info/PKG-INFO\n'}
[8.593785] (robmovil_msgs) StdoutLine: {'line': b'-- Installing: /root/ros2_ws/src/robotica/install/robmovil_msgs/local/lib/python3.10/dist-packages/robmovil_msgs-0.0.0-py3.10.egg-info/dependency_links.txt\n'}
[8.593894] (robmovil_msgs) StdoutLine: {'line': b'-- Installing: /root/ros2_ws/src/robotica/install/robmovil_msgs/local/lib/python3.10/dist-packages/robmovil_msgs-0.0.0-py3.10.egg-info/top_level.txt\n'}
[8.593980] (robmovil_msgs) StdoutLine: {'line': b'-- Installing: /root/ros2_ws/src/robotica/install/robmovil_msgs/local/lib/python3.10/dist-packages/robmovil_msgs-0.0.0-py3.10.egg-info/SOURCES.txt\n'}
[8.594082] (robmovil_msgs) StdoutLine: {'line': b'-- Installing: /root/ros2_ws/src/robotica/install/robmovil_msgs/local/lib/python3.10/dist-packages/robmovil_msgs\n'}
[8.594183] (robmovil_msgs) StdoutLine: {'line': b'-- Installing: /root/ros2_ws/src/robotica/install/robmovil_msgs/local/lib/python3.10/dist-packages/robmovil_msgs/__init__.py\n'}
[8.594276] (robmovil_msgs) StdoutLine: {'line': b'-- Installing: /root/ros2_ws/src/robotica/install/robmovil_msgs/local/lib/python3.10/dist-packages/robmovil_msgs/msg\n'}
[8.594419] (robmovil_msgs) StdoutLine: {'line': b'-- Installing: /root/ros2_ws/src/robotica/install/robmovil_msgs/local/lib/python3.10/dist-packages/robmovil_msgs/msg/_encoder_ticks.py\n'}
[8.594519] (robmovil_msgs) StdoutLine: {'line': b'-- Installing: /root/ros2_ws/src/robotica/install/robmovil_msgs/local/lib/python3.10/dist-packages/robmovil_msgs/msg/_encoder_ticks_s.c\n'}
[8.594676] (robmovil_msgs) StdoutLine: {'line': b'-- Installing: /root/ros2_ws/src/robotica/install/robmovil_msgs/local/lib/python3.10/dist-packages/robmovil_msgs/msg/_multi_encoder_ticks.py\n'}
[8.594909] (robmovil_msgs) StdoutLine: {'line': b'-- Installing: /root/ros2_ws/src/robotica/install/robmovil_msgs/local/lib/python3.10/dist-packages/robmovil_msgs/msg/_multi_encoder_ticks_s.c\n'}
[8.595105] (robmovil_msgs) StdoutLine: {'line': b'-- Installing: /root/ros2_ws/src/robotica/install/robmovil_msgs/local/lib/python3.10/dist-packages/robmovil_msgs/msg/_trajectory.py\n'}
[8.595298] (robmovil_msgs) StdoutLine: {'line': b'-- Installing: /root/ros2_ws/src/robotica/install/robmovil_msgs/local/lib/python3.10/dist-packages/robmovil_msgs/msg/_trajectory_s.c\n'}
[8.595470] (robmovil_msgs) StdoutLine: {'line': b'-- Installing: /root/ros2_ws/src/robotica/install/robmovil_msgs/local/lib/python3.10/dist-packages/robmovil_msgs/msg/_trajectory_point.py\n'}
[8.595634] (robmovil_msgs) StdoutLine: {'line': b'-- Installing: /root/ros2_ws/src/robotica/install/robmovil_msgs/local/lib/python3.10/dist-packages/robmovil_msgs/msg/_trajectory_point_s.c\n'}
[8.595819] (robmovil_msgs) StdoutLine: {'line': b'-- Installing: /root/ros2_ws/src/robotica/install/robmovil_msgs/local/lib/python3.10/dist-packages/robmovil_msgs/msg/_landmark.py\n'}
[8.596032] (robmovil_msgs) StdoutLine: {'line': b'-- Installing: /root/ros2_ws/src/robotica/install/robmovil_msgs/local/lib/python3.10/dist-packages/robmovil_msgs/msg/_landmark_s.c\n'}
[8.596244] (robmovil_msgs) StdoutLine: {'line': b'-- Installing: /root/ros2_ws/src/robotica/install/robmovil_msgs/local/lib/python3.10/dist-packages/robmovil_msgs/msg/_landmark_array.py\n'}
[8.596488] (robmovil_msgs) StdoutLine: {'line': b'-- Installing: /root/ros2_ws/src/robotica/install/robmovil_msgs/local/lib/python3.10/dist-packages/robmovil_msgs/msg/_landmark_array_s.c\n'}
[8.596827] (robmovil_msgs) StdoutLine: {'line': b'-- Installing: /root/ros2_ws/src/robotica/install/robmovil_msgs/local/lib/python3.10/dist-packages/robmovil_msgs/msg/__init__.py\n'}
[8.597020] (robmovil_msgs) StdoutLine: {'line': b'-- Installing: /root/ros2_ws/src/robotica/install/robmovil_msgs/local/lib/python3.10/dist-packages/robmovil_msgs/_robmovil_msgs_s.ep.rosidl_typesupport_fastrtps_c.c\n'}
[8.597272] (robmovil_msgs) StdoutLine: {'line': b'-- Installing: /root/ros2_ws/src/robotica/install/robmovil_msgs/local/lib/python3.10/dist-packages/robmovil_msgs/_robmovil_msgs_s.ep.rosidl_typesupport_introspection_c.c\n'}
[8.597487] (robmovil_msgs) StdoutLine: {'line': b'-- Installing: /root/ros2_ws/src/robotica/install/robmovil_msgs/local/lib/python3.10/dist-packages/robmovil_msgs/_robmovil_msgs_s.ep.rosidl_typesupport_c.c\n'}
[8.597683] (robmovil_msgs) StdoutLine: {'line': b'-- Installing: /root/ros2_ws/src/robotica/install/robmovil_msgs/local/lib/python3.10/dist-packages/robmovil_msgs/librobmovil_msgs__rosidl_generator_py.so\n'}
[8.598007] (robmovil_msgs) StdoutLine: {'line': b'-- Installing: /root/ros2_ws/src/robotica/install/robmovil_msgs/local/lib/python3.10/dist-packages/robmovil_msgs/robmovil_msgs_s__rosidl_typesupport_c.cpython-310-x86_64-linux-gnu.so\n'}
[8.598226] (robmovil_msgs) StdoutLine: {'line': b'-- Installing: /root/ros2_ws/src/robotica/install/robmovil_msgs/local/lib/python3.10/dist-packages/robmovil_msgs/robmovil_msgs_s__rosidl_typesupport_introspection_c.cpython-310-x86_64-linux-gnu.so\n'}
[8.598533] (robmovil_msgs) StdoutLine: {'line': b'-- Installing: /root/ros2_ws/src/robotica/install/robmovil_msgs/local/lib/python3.10/dist-packages/robmovil_msgs/robmovil_msgs_s__rosidl_typesupport_fastrtps_c.cpython-310-x86_64-linux-gnu.so\n'}
[8.641866] (-) TimerEvent: {}
[8.644223] (robmovil_msgs) StdoutLine: {'line': b"Listing '/root/ros2_ws/src/robotica/install/robmovil_msgs/local/lib/python3.10/dist-packages/robmovil_msgs'...\n"}
[8.644491] (robmovil_msgs) StdoutLine: {'line': b"Compiling '/root/ros2_ws/src/robotica/install/robmovil_msgs/local/lib/python3.10/dist-packages/robmovil_msgs/__init__.py'...\n"}
[8.644603] (robmovil_msgs) StdoutLine: {'line': b"Listing '/root/ros2_ws/src/robotica/install/robmovil_msgs/local/lib/python3.10/dist-packages/robmovil_msgs/msg'...\n"}
[8.644679] (robmovil_msgs) StdoutLine: {'line': b"Compiling '/root/ros2_ws/src/robotica/install/robmovil_msgs/local/lib/python3.10/dist-packages/robmovil_msgs/msg/__init__.py'...\n"}
[8.644756] (robmovil_msgs) StdoutLine: {'line': b"Compiling '/root/ros2_ws/src/robotica/install/robmovil_msgs/local/lib/python3.10/dist-packages/robmovil_msgs/msg/_encoder_ticks.py'...\n"}
[8.644849] (robmovil_msgs) StdoutLine: {'line': b"Compiling '/root/ros2_ws/src/robotica/install/robmovil_msgs/local/lib/python3.10/dist-packages/robmovil_msgs/msg/_landmark.py'...\n"}
[8.644910] (robmovil_msgs) StdoutLine: {'line': b"Compiling '/root/ros2_ws/src/robotica/install/robmovil_msgs/local/lib/python3.10/dist-packages/robmovil_msgs/msg/_landmark_array.py'...\n"}
[8.644970] (robmovil_msgs) StdoutLine: {'line': b"Compiling '/root/ros2_ws/src/robotica/install/robmovil_msgs/local/lib/python3.10/dist-packages/robmovil_msgs/msg/_multi_encoder_ticks.py'...\n"}
[8.645033] (robmovil_msgs) StdoutLine: {'line': b"Compiling '/root/ros2_ws/src/robotica/install/robmovil_msgs/local/lib/python3.10/dist-packages/robmovil_msgs/msg/_trajectory.py'...\n"}
[8.645095] (robmovil_msgs) StdoutLine: {'line': b"Compiling '/root/ros2_ws/src/robotica/install/robmovil_msgs/local/lib/python3.10/dist-packages/robmovil_msgs/msg/_trajectory_point.py'...\n"}
[8.651395] (robmovil_msgs) StdoutLine: {'line': b'-- Installing: /root/ros2_ws/src/robotica/install/robmovil_msgs/local/lib/python3.10/dist-packages/robmovil_msgs/robmovil_msgs_s__rosidl_typesupport_fastrtps_c.cpython-310-x86_64-linux-gnu.so\n'}
[8.652097] (robmovil_msgs) StdoutLine: {'line': b'-- Set runtime path of "/root/ros2_ws/src/robotica/install/robmovil_msgs/local/lib/python3.10/dist-packages/robmovil_msgs/robmovil_msgs_s__rosidl_typesupport_fastrtps_c.cpython-310-x86_64-linux-gnu.so" to ""\n'}
[8.652648] (robmovil_msgs) StdoutLine: {'line': b'-- Installing: /root/ros2_ws/src/robotica/install/robmovil_msgs/local/lib/python3.10/dist-packages/robmovil_msgs/robmovil_msgs_s__rosidl_typesupport_introspection_c.cpython-310-x86_64-linux-gnu.so\n'}
[8.653248] (robmovil_msgs) StdoutLine: {'line': b'-- Set runtime path of "/root/ros2_ws/src/robotica/install/robmovil_msgs/local/lib/python3.10/dist-packages/robmovil_msgs/robmovil_msgs_s__rosidl_typesupport_introspection_c.cpython-310-x86_64-linux-gnu.so" to ""\n'}
[8.653693] (robmovil_msgs) StdoutLine: {'line': b'-- Installing: /root/ros2_ws/src/robotica/install/robmovil_msgs/local/lib/python3.10/dist-packages/robmovil_msgs/robmovil_msgs_s__rosidl_typesupport_c.cpython-310-x86_64-linux-gnu.so\n'}
[8.654196] (robmovil_msgs) StdoutLine: {'line': b'-- Set runtime path of "/root/ros2_ws/src/robotica/install/robmovil_msgs/local/lib/python3.10/dist-packages/robmovil_msgs/robmovil_msgs_s__rosidl_typesupport_c.cpython-310-x86_64-linux-gnu.so" to ""\n'}
[8.654303] (robmovil_msgs) StdoutLine: {'line': b'-- Installing: /root/ros2_ws/src/robotica/install/robmovil_msgs/lib/librobmovil_msgs__rosidl_generator_py.so\n'}
[8.654966] (robmovil_msgs) StdoutLine: {'line': b'-- Set runtime path of "/root/ros2_ws/src/robotica/install/robmovil_msgs/lib/librobmovil_msgs__rosidl_generator_py.so" to ""\n'}
[8.655098] (robmovil_msgs) StdoutLine: {'line': b'-- Installing: /root/ros2_ws/src/robotica/install/robmovil_msgs/share/ament_index/resource_index/rust_packages/robmovil_msgs\n'}
[8.655188] (robmovil_msgs) StdoutLine: {'line': b'-- Installing: /root/ros2_ws/src/robotica/install/robmovil_msgs/share/robmovil_msgs/rust\n'}
[8.655293] (robmovil_msgs) StdoutLine: {'line': b'-- Installing: /root/ros2_ws/src/robotica/install/robmovil_msgs/share/robmovil_msgs/rust/src\n'}
[8.655367] (robmovil_msgs) StdoutLine: {'line': b'-- Installing: /root/ros2_ws/src/robotica/install/robmovil_msgs/share/robmovil_msgs/rust/src/msg.rs\n'}
[8.655490] (robmovil_msgs) StdoutLine: {'line': b'-- Installing: /root/ros2_ws/src/robotica/install/robmovil_msgs/share/robmovil_msgs/rust/src/msg\n'}
[8.655621] (robmovil_msgs) StdoutLine: {'line': b'-- Installing: /root/ros2_ws/src/robotica/install/robmovil_msgs/share/robmovil_msgs/rust/src/msg/rmw.rs\n'}
[8.655736] (robmovil_msgs) StdoutLine: {'line': b'-- Installing: /root/ros2_ws/src/robotica/install/robmovil_msgs/share/robmovil_msgs/rust/src/lib.rs\n'}
[8.655851] (robmovil_msgs) StdoutLine: {'line': b'-- Installing: /root/ros2_ws/src/robotica/install/robmovil_msgs/share/robmovil_msgs/rust/Cargo.toml\n'}
[8.655955] (robmovil_msgs) StdoutLine: {'line': b'-- Installing: /root/ros2_ws/src/robotica/install/robmovil_msgs/share/robmovil_msgs/rust/build.rs\n'}
[8.656138] (robmovil_msgs) StdoutLine: {'line': b'-- Installing: /root/ros2_ws/src/robotica/install/robmovil_msgs/share/robmovil_msgs/msg/EncoderTicks.idl\n'}
[8.656325] (robmovil_msgs) StdoutLine: {'line': b'-- Installing: /root/ros2_ws/src/robotica/install/robmovil_msgs/share/robmovil_msgs/msg/MultiEncoderTicks.idl\n'}
[8.656480] (robmovil_msgs) StdoutLine: {'line': b'-- Installing: /root/ros2_ws/src/robotica/install/robmovil_msgs/share/robmovil_msgs/msg/Trajectory.idl\n'}
[8.656602] (robmovil_msgs) StdoutLine: {'line': b'-- Installing: /root/ros2_ws/src/robotica/install/robmovil_msgs/share/robmovil_msgs/msg/TrajectoryPoint.idl\n'}
[8.656734] (robmovil_msgs) StdoutLine: {'line': b'-- Installing: /root/ros2_ws/src/robotica/install/robmovil_msgs/share/robmovil_msgs/msg/Landmark.idl\n'}
[8.656851] (robmovil_msgs) StdoutLine: {'line': b'-- Installing: /root/ros2_ws/src/robotica/install/robmovil_msgs/share/robmovil_msgs/msg/LandmarkArray.idl\n'}
[8.656980] (robmovil_msgs) StdoutLine: {'line': b'-- Installing: /root/ros2_ws/src/robotica/install/robmovil_msgs/share/robmovil_msgs/msg/EncoderTicks.msg\n'}
[8.657080] (robmovil_msgs) StdoutLine: {'line': b'-- Installing: /root/ros2_ws/src/robotica/install/robmovil_msgs/share/robmovil_msgs/msg/MultiEncoderTicks.msg\n'}
[8.657171] (robmovil_msgs) StdoutLine: {'line': b'-- Installing: /root/ros2_ws/src/robotica/install/robmovil_msgs/share/robmovil_msgs/msg/Trajectory.msg\n'}
[8.657260] (robmovil_msgs) StdoutLine: {'line': b'-- Installing: /root/ros2_ws/src/robotica/install/robmovil_msgs/share/robmovil_msgs/msg/TrajectoryPoint.msg\n'}
[8.657364] (robmovil_msgs) StdoutLine: {'line': b'-- Installing: /root/ros2_ws/src/robotica/install/robmovil_msgs/share/robmovil_msgs/msg/Landmark.msg\n'}
[8.657454] (robmovil_msgs) StdoutLine: {'line': b'-- Installing: /root/ros2_ws/src/robotica/install/robmovil_msgs/share/robmovil_msgs/msg/LandmarkArray.msg\n'}
[8.657575] (robmovil_msgs) StdoutLine: {'line': b'-- Installing: /root/ros2_ws/src/robotica/install/robmovil_msgs/share/ament_index/resource_index/package_run_dependencies/robmovil_msgs\n'}
[8.657728] (robmovil_msgs) StdoutLine: {'line': b'-- Installing: /root/ros2_ws/src/robotica/install/robmovil_msgs/share/ament_index/resource_index/parent_prefix_path/robmovil_msgs\n'}
[8.657864] (robmovil_msgs) StdoutLine: {'line': b'-- Installing: /root/ros2_ws/src/robotica/install/robmovil_msgs/share/robmovil_msgs/environment/ament_prefix_path.sh\n'}
[8.658000] (robmovil_msgs) StdoutLine: {'line': b'-- Installing: /root/ros2_ws/src/robotica/install/robmovil_msgs/share/robmovil_msgs/environment/ament_prefix_path.dsv\n'}
[8.658138] (robmovil_msgs) StdoutLine: {'line': b'-- Installing: /root/ros2_ws/src/robotica/install/robmovil_msgs/share/robmovil_msgs/environment/path.sh\n'}
[8.658266] (robmovil_msgs) StdoutLine: {'line': b'-- Installing: /root/ros2_ws/src/robotica/install/robmovil_msgs/share/robmovil_msgs/environment/path.dsv\n'}
[8.658393] (robmovil_msgs) StdoutLine: {'line': b'-- Installing: /root/ros2_ws/src/robotica/install/robmovil_msgs/share/robmovil_msgs/local_setup.bash\n'}
[8.658501] (robmovil_msgs) StdoutLine: {'line': b'-- Installing: /root/ros2_ws/src/robotica/install/robmovil_msgs/share/robmovil_msgs/local_setup.sh\n'}
[8.659352] (robmovil_msgs) StdoutLine: {'line': b'-- Installing: /root/ros2_ws/src/robotica/install/robmovil_msgs/share/robmovil_msgs/local_setup.zsh\n'}
[8.659534] (robmovil_msgs) StdoutLine: {'line': b'-- Installing: /root/ros2_ws/src/robotica/install/robmovil_msgs/share/robmovil_msgs/local_setup.dsv\n'}
[8.659733] (robmovil_msgs) StdoutLine: {'line': b'-- Installing: /root/ros2_ws/src/robotica/install/robmovil_msgs/share/robmovil_msgs/package.dsv\n'}
[8.659951] (robmovil_msgs) StdoutLine: {'line': b'-- Installing: /root/ros2_ws/src/robotica/install/robmovil_msgs/share/ament_index/resource_index/packages/robmovil_msgs\n'}
[8.660188] (robmovil_msgs) StdoutLine: {'line': b'-- Installing: /root/ros2_ws/src/robotica/install/robmovil_msgs/share/robmovil_msgs/cmake/export_robmovil_msgs__rosidl_generator_cExport.cmake\n'}
[8.660423] (robmovil_msgs) StdoutLine: {'line': b'-- Installing: /root/ros2_ws/src/robotica/install/robmovil_msgs/share/robmovil_msgs/cmake/export_robmovil_msgs__rosidl_generator_cExport-noconfig.cmake\n'}
[8.660732] (robmovil_msgs) StdoutLine: {'line': b'-- Installing: /root/ros2_ws/src/robotica/install/robmovil_msgs/share/robmovil_msgs/cmake/export_robmovil_msgs__rosidl_typesupport_fastrtps_cExport.cmake\n'}
[8.661083] (robmovil_msgs) StdoutLine: {'line': b'-- Installing: /root/ros2_ws/src/robotica/install/robmovil_msgs/share/robmovil_msgs/cmake/export_robmovil_msgs__rosidl_typesupport_fastrtps_cExport-noconfig.cmake\n'}
[8.661331] (robmovil_msgs) StdoutLine: {'line': b'-- Installing: /root/ros2_ws/src/robotica/install/robmovil_msgs/share/robmovil_msgs/cmake/robmovil_msgs__rosidl_typesupport_introspection_cExport.cmake\n'}
[8.661697] (robmovil_msgs) StdoutLine: {'line': b'-- Installing: /root/ros2_ws/src/robotica/install/robmovil_msgs/share/robmovil_msgs/cmake/robmovil_msgs__rosidl_typesupport_introspection_cExport-noconfig.cmake\n'}
[8.661993] (robmovil_msgs) StdoutLine: {'line': b'-- Installing: /root/ros2_ws/src/robotica/install/robmovil_msgs/share/robmovil_msgs/cmake/robmovil_msgs__rosidl_typesupport_cExport.cmake\n'}
[8.662233] (robmovil_msgs) StdoutLine: {'line': b'-- Installing: /root/ros2_ws/src/robotica/install/robmovil_msgs/share/robmovil_msgs/cmake/robmovil_msgs__rosidl_typesupport_cExport-noconfig.cmake\n'}
[8.662546] (robmovil_msgs) StdoutLine: {'line': b'-- Installing: /root/ros2_ws/src/robotica/install/robmovil_msgs/share/robmovil_msgs/cmake/export_robmovil_msgs__rosidl_generator_cppExport.cmake\n'}
[8.662760] (robmovil_msgs) StdoutLine: {'line': b'-- Installing: /root/ros2_ws/src/robotica/install/robmovil_msgs/share/robmovil_msgs/cmake/export_robmovil_msgs__rosidl_typesupport_fastrtps_cppExport.cmake\n'}
[8.663046] (robmovil_msgs) StdoutLine: {'line': b'-- Installing: /root/ros2_ws/src/robotica/install/robmovil_msgs/share/robmovil_msgs/cmake/export_robmovil_msgs__rosidl_typesupport_fastrtps_cppExport-noconfig.cmake\n'}
[8.663219] (robmovil_msgs) StdoutLine: {'line': b'-- Installing: /root/ros2_ws/src/robotica/install/robmovil_msgs/share/robmovil_msgs/cmake/robmovil_msgs__rosidl_typesupport_introspection_cppExport.cmake\n'}
[8.663460] (robmovil_msgs) StdoutLine: {'line': b'-- Installing: /root/ros2_ws/src/robotica/install/robmovil_msgs/share/robmovil_msgs/cmake/robmovil_msgs__rosidl_typesupport_introspection_cppExport-noconfig.cmake\n'}
[8.663702] (robmovil_msgs) StdoutLine: {'line': b'-- Installing: /root/ros2_ws/src/robotica/install/robmovil_msgs/share/robmovil_msgs/cmake/robmovil_msgs__rosidl_typesupport_cppExport.cmake\n'}
[8.664083] (robmovil_msgs) StdoutLine: {'line': b'-- Installing: /root/ros2_ws/src/robotica/install/robmovil_msgs/share/robmovil_msgs/cmake/robmovil_msgs__rosidl_typesupport_cppExport-noconfig.cmake\n'}
[8.664281] (robmovil_msgs) StdoutLine: {'line': b'-- Installing: /root/ros2_ws/src/robotica/install/robmovil_msgs/share/robmovil_msgs/cmake/export_robmovil_msgs__rosidl_generator_pyExport.cmake\n'}
[8.664727] (robmovil_msgs) StdoutLine: {'line': b'-- Installing: /root/ros2_ws/src/robotica/install/robmovil_msgs/share/robmovil_msgs/cmake/export_robmovil_msgs__rosidl_generator_pyExport-noconfig.cmake\n'}
[8.664934] (robmovil_msgs) StdoutLine: {'line': b'-- Installing: /root/ros2_ws/src/robotica/install/robmovil_msgs/share/robmovil_msgs/cmake/rosidl_cmake-extras.cmake\n'}
[8.665204] (robmovil_msgs) StdoutLine: {'line': b'-- Installing: /root/ros2_ws/src/robotica/install/robmovil_msgs/share/robmovil_msgs/cmake/ament_cmake_export_dependencies-extras.cmake\n'}
[8.665276] (robmovil_msgs) StdoutLine: {'line': b'-- Installing: /root/ros2_ws/src/robotica/install/robmovil_msgs/share/robmovil_msgs/cmake/ament_cmake_export_include_directories-extras.cmake\n'}
[8.665669] (robmovil_msgs) StdoutLine: {'line': b'-- Installing: /root/ros2_ws/src/robotica/install/robmovil_msgs/share/robmovil_msgs/cmake/ament_cmake_export_libraries-extras.cmake\n'}
[8.665823] (robmovil_msgs) StdoutLine: {'line': b'-- Installing: /root/ros2_ws/src/robotica/install/robmovil_msgs/share/robmovil_msgs/cmake/ament_cmake_export_targets-extras.cmake\n'}
[8.665947] (robmovil_msgs) StdoutLine: {'line': b'-- Installing: /root/ros2_ws/src/robotica/install/robmovil_msgs/share/robmovil_msgs/cmake/rosidl_cmake_export_typesupport_targets-extras.cmake\n'}
[8.666137] (robmovil_msgs) StdoutLine: {'line': b'-- Installing: /root/ros2_ws/src/robotica/install/robmovil_msgs/share/robmovil_msgs/cmake/rosidl_cmake_export_typesupport_libraries-extras.cmake\n'}
[8.666221] (robmovil_msgs) StdoutLine: {'line': b'-- Installing: /root/ros2_ws/src/robotica/install/robmovil_msgs/share/robmovil_msgs/cmake/robmovil_msgsConfig.cmake\n'}
[8.666300] (robmovil_msgs) StdoutLine: {'line': b'-- Installing: /root/ros2_ws/src/robotica/install/robmovil_msgs/share/robmovil_msgs/cmake/robmovil_msgsConfig-version.cmake\n'}
[8.666389] (robmovil_msgs) StdoutLine: {'line': b'-- Installing: /root/ros2_ws/src/robotica/install/robmovil_msgs/share/robmovil_msgs/package.xml\n'}
[8.669209] (robmovil_msgs) CommandEnded: {'returncode': 0}
[8.693351] (robmovil_msgs) JobEnded: {'identifier': 'robmovil_msgs', 'rc': 0}
[8.694345] (ej1) JobStarted: {'identifier': 'ej1'}
[8.700046] (ej2) JobStarted: {'identifier': 'ej2'}
[8.707146] (ej1) JobProgress: {'identifier': 'ej1', 'progress': 'cmake'}
[8.707533] (ej1) Command: {'cmd': ['/usr/bin/cmake', '/root/ros2_ws/src/robotica/ej1', '-DCMAKE_INSTALL_PREFIX=/root/ros2_ws/src/robotica/install/ej1'], 'cwd': '/root/ros2_ws/src/robotica/build/ej1', 'env': OrderedDict([('HOSTNAME', 'ae729c5307e7'), ('SHLVL', '1'), ('LD_LIBRARY_PATH', '/root/ros2_ws/src/robotica/install/robmovil_msgs/lib:/root/ros2_ws/install/lazo_abierto/lib:/root/ros2_ws/install/robmovil_msgs/lib:/usr/lib/x86_64-linux-gnu/gazebo-11/plugins:/opt/ros/humble/opt/rviz_ogre_vendor/lib:/opt/ros/humble/lib/x86_64-linux-gnu:/opt/ros/humble/lib:/usr/lib/x86_64-linux-gnu/gazebo-11/plugins'), ('HOME', '/root'), ('OLDPWD', '/root/ros2_ws'), ('GAZEBO_MASTER_URI', 'http://localhost:11345'), ('ROS_PYTHON_VERSION', '3'), ('COLCON_PREFIX_PATH', '/root/ros2_ws/install'), ('ROS_DISTRO', 'humble'), ('_', '/usr/bin/colcon'), ('ROS_VERSION', '2'), ('TERM', 'xterm'), ('COPPELIASIM_ROOT_DIR', '/opt/CoppeliaSim_Edu_V4_7_0_rev2_Ubuntu20_04'), ('GAZEBO_MODEL_PATH', '/usr/share/gazebo-11/models:/opt/ros/humble/share/turtlebot3_gazebo/models/:/root/catkin_ws/volumen/models'), ('ROS_LOCALHOST_ONLY', '1'), ('QT_X11_NO_MITSHM', '1'), ('OGRE_RESOURCE_PATH', '/usr/lib/x86_64-linux-gnu/OGRE-1.9.0'), ('PATH', '/opt/CoppeliaSim_Edu_V4_7_0_rev2_Ubuntu20_04:/opt/ros/humble/bin:/opt/CoppeliaSim_Edu_V4_7_0_rev2_Ubuntu20_04:/usr/local/sbin:/usr/local/bin:/usr/sbin:/usr/bin:/sbin:/bin'), ('DISPLAY', ':0'), ('LANG', 'C.UTF-8'), ('LS_COLORS', 'rs=0:di=01;34:ln=01;36:mh=00:pi=40;33:so=01;35:do=01;35:bd=40;33;01:cd=40;33;01:or=40;31;01:mi=00:su=37;41:sg=30;43:ca=30;41:tw=30;42:ow=34;42:st=37;44:ex=01;32:*.tar=01;31:*.tgz=01;31:*.arc=01;31:*.arj=01;31:*.taz=01;31:*.lha=01;31:*.lz4=01;31:*.lzh=01;31:*.lzma=01;31:*.tlz=01;31:*.txz=01;31:*.tzo=01;31:*.t7z=01;31:*.zip=01;31:*.z=01;31:*.dz=01;31:*.gz=01;31:*.lrz=01;31:*.lz=01;31:*.lzo=01;31:*.xz=01;31:*.zst=01;31:*.tzst=01;31:*.bz2=01;31:*.bz=01;31:*.tbz=01;31:*.tbz2=01;31:*.tz=01;31:*.deb=01;31:*.rpm=01;31:*.jar=01;31:*.war=01;31:*.ear=01;31:*.sar=01;31:*.rar=01;31:*.alz=01;31:*.ace=01;31:*.zoo=01;31:*.cpio=01;31:*.7z=01;31:*.rz=01;31:*.cab=01;31:*.wim=01;31:*.swm=01;31:*.dwm=01;31:*.esd=01;31:*.jpg=01;35:*.jpeg=01;35:*.mjpg=01;35:*.mjpeg=01;35:*.gif=01;35:*.bmp=01;35:*.pbm=01;35:*.pgm=01;35:*.ppm=01;35:*.tga=01;35:*.xbm=01;35:*.xpm=01;35:*.tif=01;35:*.tiff=01;35:*.png=01;35:*.svg=01;35:*.svgz=01;35:*.mng=01;35:*.pcx=01;35:*.mov=01;35:*.mpg=01;35:*.mpeg=01;35:*.m2v=01;35:*.mkv=01;35:*.webm=01;35:*.webp=01;35:*.ogm=01;35:*.mp4=01;35:*.m4v=01;35:*.mp4v=01;35:*.vob=01;35:*.qt=01;35:*.nuv=01;35:*.wmv=01;35:*.asf=01;35:*.rm=01;35:*.rmvb=01;35:*.flc=01;35:*.avi=01;35:*.fli=01;35:*.flv=01;35:*.gl=01;35:*.dl=01;35:*.xcf=01;35:*.xwd=01;35:*.yuv=01;35:*.cgm=01;35:*.emf=01;35:*.ogv=01;35:*.ogx=01;35:*.aac=00;36:*.au=00;36:*.flac=00;36:*.m4a=00;36:*.mid=00;36:*.midi=00;36:*.mka=00;36:*.mp3=00;36:*.mpc=00;36:*.ogg=00;36:*.ra=00;36:*.wav=00;36:*.oga=00;36:*.opus=00;36:*.spx=00;36:*.xspf=00;36:'), ('ROS_DOMAIN_ID', '12'), ('AMENT_PREFIX_PATH', '/root/ros2_ws/src/robotica/install/robmovil_msgs:/root/ros2_ws/install/sim_ros2_interface:/root/ros2_ws/install/lazo_abierto:/root/ros2_ws/install/ej2:/root/ros2_ws/install/ej1:/root/ros2_ws/install/robmovil_msgs:/opt/ros/humble'), ('DEBIAN_FRONTEND', 'noninteractive'), ('GAZEBO_RESOURCE_PATH', '/usr/share/gazebo-11:'), ('GAZEBO_MODEL_DATABASE_URI', 'http://models.gazebosim.org'), ('PWD', '/root/ros2_ws/src/robotica/build/ej1'), ('TURTLEBOT3_MODEL', 'burger'), ('LC_ALL', 'C.UTF-8'), ('GAZEBO_PLUGIN_PATH', '/usr/lib/x86_64-linux-gnu/gazebo-11/plugins:'), ('PYTHONPATH', '/root/ros2_ws/src/robotica/install/robmovil_msgs/local/lib/python3.10/dist-packages:/root/ros2_ws/install/robmovil_msgs/local/lib/python3.10/dist-packages:/opt/ros/humble/lib/python3.10/site-packages:/opt/ros/humble/local/lib/python3.10/dist-packages'), ('COLCON', '1'), ('CMAKE_PREFIX_PATH', '/root/ros2_ws/src/robotica/install/robmovil_msgs:/root/ros2_ws/install/sim_ros2_interface:/root/ros2_ws/install/lazo_abierto:/root/ros2_ws/install/ej2:/root/ros2_ws/install/ej1:/root/ros2_ws/install/robmovil_msgs:/opt/ros/humble')]), 'shell': False}
[8.711665] (ej2) JobProgress: {'identifier': 'ej2', 'progress': 'cmake'}
[8.712257] (ej2) Command: {'cmd': ['/usr/bin/cmake', '/root/ros2_ws/src/robotica/ej2', '-DCMAKE_INSTALL_PREFIX=/root/ros2_ws/src/robotica/install/ej2'], 'cwd': '/root/ros2_ws/src/robotica/build/ej2', 'env': OrderedDict([('HOSTNAME', 'ae729c5307e7'), ('SHLVL', '1'), ('LD_LIBRARY_PATH', '/root/ros2_ws/src/robotica/install/robmovil_msgs/lib:/root/ros2_ws/install/lazo_abierto/lib:/root/ros2_ws/install/robmovil_msgs/lib:/usr/lib/x86_64-linux-gnu/gazebo-11/plugins:/opt/ros/humble/opt/rviz_ogre_vendor/lib:/opt/ros/humble/lib/x86_64-linux-gnu:/opt/ros/humble/lib:/usr/lib/x86_64-linux-gnu/gazebo-11/plugins'), ('HOME', '/root'), ('OLDPWD', '/root/ros2_ws'), ('GAZEBO_MASTER_URI', 'http://localhost:11345'), ('ROS_PYTHON_VERSION', '3'), ('COLCON_PREFIX_PATH', '/root/ros2_ws/install'), ('ROS_DISTRO', 'humble'), ('_', '/usr/bin/colcon'), ('ROS_VERSION', '2'), ('TERM', 'xterm'), ('COPPELIASIM_ROOT_DIR', '/opt/CoppeliaSim_Edu_V4_7_0_rev2_Ubuntu20_04'), ('GAZEBO_MODEL_PATH', '/usr/share/gazebo-11/models:/opt/ros/humble/share/turtlebot3_gazebo/models/:/root/catkin_ws/volumen/models'), ('ROS_LOCALHOST_ONLY', '1'), ('QT_X11_NO_MITSHM', '1'), ('OGRE_RESOURCE_PATH', '/usr/lib/x86_64-linux-gnu/OGRE-1.9.0'), ('PATH', '/opt/CoppeliaSim_Edu_V4_7_0_rev2_Ubuntu20_04:/opt/ros/humble/bin:/opt/CoppeliaSim_Edu_V4_7_0_rev2_Ubuntu20_04:/usr/local/sbin:/usr/local/bin:/usr/sbin:/usr/bin:/sbin:/bin'), ('DISPLAY', ':0'), ('LANG', 'C.UTF-8'), ('LS_COLORS', 'rs=0:di=01;34:ln=01;36:mh=00:pi=40;33:so=01;35:do=01;35:bd=40;33;01:cd=40;33;01:or=40;31;01:mi=00:su=37;41:sg=30;43:ca=30;41:tw=30;42:ow=34;42:st=37;44:ex=01;32:*.tar=01;31:*.tgz=01;31:*.arc=01;31:*.arj=01;31:*.taz=01;31:*.lha=01;31:*.lz4=01;31:*.lzh=01;31:*.lzma=01;31:*.tlz=01;31:*.txz=01;31:*.tzo=01;31:*.t7z=01;31:*.zip=01;31:*.z=01;31:*.dz=01;31:*.gz=01;31:*.lrz=01;31:*.lz=01;31:*.lzo=01;31:*.xz=01;31:*.zst=01;31:*.tzst=01;31:*.bz2=01;31:*.bz=01;31:*.tbz=01;31:*.tbz2=01;31:*.tz=01;31:*.deb=01;31:*.rpm=01;31:*.jar=01;31:*.war=01;31:*.ear=01;31:*.sar=01;31:*.rar=01;31:*.alz=01;31:*.ace=01;31:*.zoo=01;31:*.cpio=01;31:*.7z=01;31:*.rz=01;31:*.cab=01;31:*.wim=01;31:*.swm=01;31:*.dwm=01;31:*.esd=01;31:*.jpg=01;35:*.jpeg=01;35:*.mjpg=01;35:*.mjpeg=01;35:*.gif=01;35:*.bmp=01;35:*.pbm=01;35:*.pgm=01;35:*.ppm=01;35:*.tga=01;35:*.xbm=01;35:*.xpm=01;35:*.tif=01;35:*.tiff=01;35:*.png=01;35:*.svg=01;35:*.svgz=01;35:*.mng=01;35:*.pcx=01;35:*.mov=01;35:*.mpg=01;35:*.mpeg=01;35:*.m2v=01;35:*.mkv=01;35:*.webm=01;35:*.webp=01;35:*.ogm=01;35:*.mp4=01;35:*.m4v=01;35:*.mp4v=01;35:*.vob=01;35:*.qt=01;35:*.nuv=01;35:*.wmv=01;35:*.asf=01;35:*.rm=01;35:*.rmvb=01;35:*.flc=01;35:*.avi=01;35:*.fli=01;35:*.flv=01;35:*.gl=01;35:*.dl=01;35:*.xcf=01;35:*.xwd=01;35:*.yuv=01;35:*.cgm=01;35:*.emf=01;35:*.ogv=01;35:*.ogx=01;35:*.aac=00;36:*.au=00;36:*.flac=00;36:*.m4a=00;36:*.mid=00;36:*.midi=00;36:*.mka=00;36:*.mp3=00;36:*.mpc=00;36:*.ogg=00;36:*.ra=00;36:*.wav=00;36:*.oga=00;36:*.opus=00;36:*.spx=00;36:*.xspf=00;36:'), ('ROS_DOMAIN_ID', '12'), ('AMENT_PREFIX_PATH', '/root/ros2_ws/src/robotica/install/robmovil_msgs:/root/ros2_ws/install/sim_ros2_interface:/root/ros2_ws/install/lazo_abierto:/root/ros2_ws/install/ej2:/root/ros2_ws/install/ej1:/root/ros2_ws/install/robmovil_msgs:/opt/ros/humble'), ('DEBIAN_FRONTEND', 'noninteractive'), ('GAZEBO_RESOURCE_PATH', '/usr/share/gazebo-11:'), ('GAZEBO_MODEL_DATABASE_URI', 'http://models.gazebosim.org'), ('PWD', '/root/ros2_ws/src/robotica/build/ej2'), ('TURTLEBOT3_MODEL', 'burger'), ('LC_ALL', 'C.UTF-8'), ('GAZEBO_PLUGIN_PATH', '/usr/lib/x86_64-linux-gnu/gazebo-11/plugins:'), ('PYTHONPATH', '/root/ros2_ws/src/robotica/install/robmovil_msgs/local/lib/python3.10/dist-packages:/root/ros2_ws/install/robmovil_msgs/local/lib/python3.10/dist-packages:/opt/ros/humble/lib/python3.10/site-packages:/opt/ros/humble/local/lib/python3.10/dist-packages'), ('COLCON', '1'), ('CMAKE_PREFIX_PATH', '/root/ros2_ws/src/robotica/install/robmovil_msgs:/root/ros2_ws/install/sim_ros2_interface:/root/ros2_ws/install/lazo_abierto:/root/ros2_ws/install/ej2:/root/ros2_ws/install/ej1:/root/ros2_ws/install/robmovil_msgs:/opt/ros/humble')]), 'shell': False}
[8.742032] (-) TimerEvent: {}
[8.780337] (ej1) StdoutLine: {'line': b'-- The C compiler identification is GNU 11.4.0\n'}
[8.785584] (ej2) StdoutLine: {'line': b'-- The C compiler identification is GNU 11.4.0\n'}
[8.842128] (-) TimerEvent: {}
[8.846009] (ej1) StdoutLine: {'line': b'-- The CXX compiler identification is GNU 11.4.0\n'}
[8.850882] (ej2) StdoutLine: {'line': b'-- The CXX compiler identification is GNU 11.4.0\n'}
[8.855026] (ej1) StdoutLine: {'line': b'-- Detecting C compiler ABI info\n'}
[8.859499] (ej2) StdoutLine: {'line': b'-- Detecting C compiler ABI info\n'}
[8.942284] (-) TimerEvent: {}
[8.944991] (ej1) StdoutLine: {'line': b'-- Detecting C compiler ABI info - done\n'}
[8.945232] (ej2) StdoutLine: {'line': b'-- Detecting C compiler ABI info - done\n'}
[8.954597] (ej2) StdoutLine: {'line': b'-- Check for working C compiler: /usr/bin/cc - skipped\n'}
[8.954874] (ej2) StdoutLine: {'line': b'-- Detecting C compile features\n'}
[8.955257] (ej2) StdoutLine: {'line': b'-- Detecting C compile features - done\n'}
[8.956204] (ej1) StdoutLine: {'line': b'-- Check for working C compiler: /usr/bin/cc - skipped\n'}
[8.956454] (ej1) StdoutLine: {'line': b'-- Detecting C compile features\n'}
[8.956859] (ej1) StdoutLine: {'line': b'-- Detecting C compile features - done\n'}
[8.958759] (ej2) StdoutLine: {'line': b'-- Detecting CXX compiler ABI info\n'}
[8.961448] (ej1) StdoutLine: {'line': b'-- Detecting CXX compiler ABI info\n'}
[9.042409] (-) TimerEvent: {}
[9.054518] (ej1) StdoutLine: {'line': b'-- Detecting CXX compiler ABI info - done\n'}
[9.054707] (ej2) StdoutLine: {'line': b'-- Detecting CXX compiler ABI info - done\n'}
[9.064752] (ej2) StdoutLine: {'line': b'-- Check for working CXX compiler: /usr/bin/c++ - skipped\n'}
[9.065295] (ej2) StdoutLine: {'line': b'-- Detecting CXX compile features\n'}
[9.065586] (ej1) StdoutLine: {'line': b'-- Check for working CXX compiler: /usr/bin/c++ - skipped\n'}
[9.065959] (ej1) StdoutLine: {'line': b'-- Detecting CXX compile features\n'}
[9.066107] (ej2) StdoutLine: {'line': b'-- Detecting CXX compile features - done\n'}
[9.066723] (ej1) StdoutLine: {'line': b'-- Detecting CXX compile features - done\n'}
[9.071037] (ej1) StdoutLine: {'line': b'-- Found ament_cmake: 1.3.14 (/opt/ros/humble/share/ament_cmake/cmake)\n'}
[9.071309] (ej2) StdoutLine: {'line': b'-- Found ament_cmake: 1.3.14 (/opt/ros/humble/share/ament_cmake/cmake)\n'}
[9.142536] (-) TimerEvent: {}
[9.243188] (-) TimerEvent: {}
[9.268835] (ej1) StdoutLine: {'line': b'-- Found Python3: /usr/bin/python3 (found version "3.10.12") found components: Interpreter \n'}
[9.280106] (ej2) StdoutLine: {'line': b'-- Found Python3: /usr/bin/python3 (found version "3.10.12") found components: Interpreter \n'}
[9.343309] (-) TimerEvent: {}
[9.404015] (ej1) StdoutLine: {'line': b'-- Found rclcpp: 16.0.19 (/opt/ros/humble/share/rclcpp/cmake)\n'}
[9.417796] (ej2) StdoutLine: {'line': b'-- Found rclcpp: 16.0.19 (/opt/ros/humble/share/rclcpp/cmake)\n'}
[9.443440] (-) TimerEvent: {}
[9.472702] (ej1) StdoutLine: {'line': b'-- Found rosidl_generator_c: 3.1.8 (/opt/ros/humble/share/rosidl_generator_c/cmake)\n'}
[9.481709] (ej1) StdoutLine: {'line': b'-- Found rosidl_adapter: 3.1.8 (/opt/ros/humble/share/rosidl_adapter/cmake)\n'}
[9.482623] (ej2) StdoutLine: {'line': b'-- Found rosidl_generator_c: 3.1.8 (/opt/ros/humble/share/rosidl_generator_c/cmake)\n'}
[9.491012] (ej2) StdoutLine: {'line': b'-- Found rosidl_adapter: 3.1.8 (/opt/ros/humble/share/rosidl_adapter/cmake)\n'}
[9.494131] (ej1) StdoutLine: {'line': b'-- Found rosidl_generator_cpp: 3.1.8 (/opt/ros/humble/share/rosidl_generator_cpp/cmake)\n'}
[9.502940] (ej2) StdoutLine: {'line': b'-- Found rosidl_generator_cpp: 3.1.8 (/opt/ros/humble/share/rosidl_generator_cpp/cmake)\n'}
[9.510554] (ej1) StdoutLine: {'line': b'-- Using all available rosidl_typesupport_c: rosidl_typesupport_fastrtps_c;rosidl_typesupport_introspection_c\n'}
[9.519814] (ej2) StdoutLine: {'line': b'-- Using all available rosidl_typesupport_c: rosidl_typesupport_fastrtps_c;rosidl_typesupport_introspection_c\n'}
[9.534050] (ej1) StdoutLine: {'line': b'-- Using all available rosidl_typesupport_cpp: rosidl_typesupport_fastrtps_cpp;rosidl_typesupport_introspection_cpp\n'}
[9.543112] (ej2) StdoutLine: {'line': b'-- Using all available rosidl_typesupport_cpp: rosidl_typesupport_fastrtps_cpp;rosidl_typesupport_introspection_cpp\n'}
[9.543501] (-) TimerEvent: {}
[9.622624] (ej1) StdoutLine: {'line': b'-- Found rmw_implementation_cmake: 6.1.2 (/opt/ros/humble/share/rmw_implementation_cmake/cmake)\n'}
[9.628369] (ej1) StdoutLine: {'line': b'-- Found rmw_fastrtps_cpp: 6.2.10 (/opt/ros/humble/share/rmw_fastrtps_cpp/cmake)\n'}
[9.640762] (ej2) StdoutLine: {'line': b'-- Found rmw_implementation_cmake: 6.1.2 (/opt/ros/humble/share/rmw_implementation_cmake/cmake)\n'}
[9.643645] (-) TimerEvent: {}
[9.645466] (ej2) StdoutLine: {'line': b'-- Found rmw_fastrtps_cpp: 6.2.10 (/opt/ros/humble/share/rmw_fastrtps_cpp/cmake)\n'}
[9.743741] (-) TimerEvent: {}
[9.767736] (ej2) StdoutLine: {'line': b'-- Found OpenSSL: /usr/lib/x86_64-linux-gnu/libcrypto.so (found version "3.0.2")  \n'}
[9.768076] (ej1) StdoutLine: {'line': b'-- Found OpenSSL: /usr/lib/x86_64-linux-gnu/libcrypto.so (found version "3.0.2")  \n'}
[9.806085] (ej2) StdoutLine: {'line': b'-- Found FastRTPS: /opt/ros/humble/include  \n'}
[9.806374] (ej1) StdoutLine: {'line': b'-- Found FastRTPS: /opt/ros/humble/include  \n'}
[9.843875] (-) TimerEvent: {}
[9.868368] (ej1) StdoutLine: {'line': b"-- Using RMW implementation 'rmw_fastrtps_cpp' as default\n"}
[9.869950] (ej2) StdoutLine: {'line': b"-- Using RMW implementation 'rmw_fastrtps_cpp' as default\n"}
[9.887076] (ej1) StdoutLine: {'line': b'-- Looking for pthread.h\n'}
[9.888230] (ej2) StdoutLine: {'line': b'-- Looking for pthread.h\n'}
[9.943980] (-) TimerEvent: {}
[9.978806] (ej1) StdoutLine: {'line': b'-- Looking for pthread.h - found\n'}
[9.979389] (ej1) StdoutLine: {'line': b'-- Performing Test CMAKE_HAVE_LIBC_PTHREAD\n'}
[10.001451] (ej2) StdoutLine: {'line': b'-- Looking for pthread.h - found\n'}
[10.002480] (ej2) StdoutLine: {'line': b'-- Performing Test CMAKE_HAVE_LIBC_PTHREAD\n'}
[10.044081] (-) TimerEvent: {}
[10.081184] (ej1) StdoutLine: {'line': b'-- Performing Test CMAKE_HAVE_LIBC_PTHREAD - Success\n'}
[10.082456] (ej1) StdoutLine: {'line': b'-- Found Threads: TRUE  \n'}
[10.110551] (ej2) StdoutLine: {'line': b'-- Performing Test CMAKE_HAVE_LIBC_PTHREAD - Success\n'}
[10.112132] (ej2) StdoutLine: {'line': b'-- Found Threads: TRUE  \n'}
[10.144238] (-) TimerEvent: {}
[10.181989] (ej1) StdoutLine: {'line': b'-- Found geometry_msgs: 4.9.1 (/opt/ros/humble/share/geometry_msgs/cmake)\n'}
[10.191955] (ej2) StdoutLine: {'line': b'-- Found geometry_msgs: 4.9.1 (/opt/ros/humble/share/geometry_msgs/cmake)\n'}
[10.210806] (ej2) StdoutLine: {'line': b'-- Found nav_msgs: 4.9.1 (/opt/ros/humble/share/nav_msgs/cmake)\n'}
[10.215390] (ej1) StdoutLine: {'line': b'-- Found nav_msgs: 4.9.1 (/opt/ros/humble/share/nav_msgs/cmake)\n'}
[10.235914] (ej2) StdoutLine: {'line': b'-- Found robmovil_msgs: 0.0.0 (/root/ros2_ws/src/robotica/install/robmovil_msgs/share/robmovil_msgs/cmake)\n'}
[10.244348] (-) TimerEvent: {}
[10.255262] (ej1) StdoutLine: {'line': b'-- Found robmovil_msgs: 0.0.0 (/root/ros2_ws/src/robotica/install/robmovil_msgs/share/robmovil_msgs/cmake)\n'}
[10.273507] (ej2) StdoutLine: {'line': b'-- Found trajectory_msgs: 4.9.1 (/opt/ros/humble/share/trajectory_msgs/cmake)\n'}
[10.282659] (ej1) StdoutLine: {'line': b'-- Found tf2_ros: 0.25.20 (/opt/ros/humble/share/tf2_ros/cmake)\n'}
[10.313459] (ej2) StdoutLine: {'line': b'-- Found tf2: 0.25.20 (/opt/ros/humble/share/tf2/cmake)\n'}
[10.331729] (ej2) StdoutLine: {'line': b'-- Found tf2_ros: 0.25.20 (/opt/ros/humble/share/tf2_ros/cmake)\n'}
[10.344465] (-) TimerEvent: {}
[10.444838] (-) TimerEvent: {}
[10.471655] (ej2) StdoutLine: {'line': b'-- Found tf2_geometry_msgs: 0.25.20 (/opt/ros/humble/share/tf2_geometry_msgs/cmake)\n'}
[10.471828] (ej1) StdoutLine: {'line': b'-- Found tf2_geometry_msgs: 0.25.20 (/opt/ros/humble/share/tf2_geometry_msgs/cmake)\n'}
[10.498211] (ej1) StdoutLine: {'line': b'-- Found eigen3_cmake_module: 0.1.1 (/opt/ros/humble/share/eigen3_cmake_module/cmake)\n'}
[10.498394] (ej2) StdoutLine: {'line': b'-- Found eigen3_cmake_module: 0.1.1 (/opt/ros/humble/share/eigen3_cmake_module/cmake)\n'}
[10.499742] (ej1) StdoutLine: {'line': b'-- Found Eigen3: TRUE (found version "3.4.0") \n'}
[10.499966] (ej2) StdoutLine: {'line': b'-- Found Eigen3: TRUE (found version "3.4.0") \n'}
[10.500044] (ej1) StdoutLine: {'line': b'-- Ensuring Eigen3 include directory is part of orocos-kdl CMake target\n'}
[10.500111] (ej2) StdoutLine: {'line': b'-- Ensuring Eigen3 include directory is part of orocos-kdl CMake target\n'}
[10.505121] (ej2) StdoutLine: {'line': b'-- Found angles: 1.15.0 (/opt/ros/humble/share/angles/cmake)\n'}
[10.544934] (-) TimerEvent: {}
[10.586731] (ej1) StdoutLine: {'line': b'-- Configuring done\n'}
[10.601515] (ej2) StdoutLine: {'line': b'-- Configuring done\n'}
[10.606273] (ej1) StdoutLine: {'line': b'-- Generating done\n'}
[10.611945] (ej1) StdoutLine: {'line': b'-- Build files have been written to: /root/ros2_ws/src/robotica/build/ej1\n'}
[10.625813] (ej1) CommandEnded: {'returncode': 0}
[10.626524] (ej1) JobProgress: {'identifier': 'ej1', 'progress': 'build'}
[10.626928] (ej1) Command: {'cmd': ['/usr/bin/cmake', '--build', '/root/ros2_ws/src/robotica/build/ej1', '--', '-j8', '-l8'], 'cwd': '/root/ros2_ws/src/robotica/build/ej1', 'env': OrderedDict([('HOSTNAME', 'ae729c5307e7'), ('SHLVL', '1'), ('LD_LIBRARY_PATH', '/root/ros2_ws/src/robotica/install/robmovil_msgs/lib:/root/ros2_ws/install/lazo_abierto/lib:/root/ros2_ws/install/robmovil_msgs/lib:/usr/lib/x86_64-linux-gnu/gazebo-11/plugins:/opt/ros/humble/opt/rviz_ogre_vendor/lib:/opt/ros/humble/lib/x86_64-linux-gnu:/opt/ros/humble/lib:/usr/lib/x86_64-linux-gnu/gazebo-11/plugins'), ('HOME', '/root'), ('OLDPWD', '/root/ros2_ws'), ('GAZEBO_MASTER_URI', 'http://localhost:11345'), ('ROS_PYTHON_VERSION', '3'), ('COLCON_PREFIX_PATH', '/root/ros2_ws/install'), ('ROS_DISTRO', 'humble'), ('_', '/usr/bin/colcon'), ('ROS_VERSION', '2'), ('TERM', 'xterm'), ('COPPELIASIM_ROOT_DIR', '/opt/CoppeliaSim_Edu_V4_7_0_rev2_Ubuntu20_04'), ('GAZEBO_MODEL_PATH', '/usr/share/gazebo-11/models:/opt/ros/humble/share/turtlebot3_gazebo/models/:/root/catkin_ws/volumen/models'), ('ROS_LOCALHOST_ONLY', '1'), ('QT_X11_NO_MITSHM', '1'), ('OGRE_RESOURCE_PATH', '/usr/lib/x86_64-linux-gnu/OGRE-1.9.0'), ('PATH', '/opt/CoppeliaSim_Edu_V4_7_0_rev2_Ubuntu20_04:/opt/ros/humble/bin:/opt/CoppeliaSim_Edu_V4_7_0_rev2_Ubuntu20_04:/usr/local/sbin:/usr/local/bin:/usr/sbin:/usr/bin:/sbin:/bin'), ('DISPLAY', ':0'), ('LANG', 'C.UTF-8'), ('LS_COLORS', 'rs=0:di=01;34:ln=01;36:mh=00:pi=40;33:so=01;35:do=01;35:bd=40;33;01:cd=40;33;01:or=40;31;01:mi=00:su=37;41:sg=30;43:ca=30;41:tw=30;42:ow=34;42:st=37;44:ex=01;32:*.tar=01;31:*.tgz=01;31:*.arc=01;31:*.arj=01;31:*.taz=01;31:*.lha=01;31:*.lz4=01;31:*.lzh=01;31:*.lzma=01;31:*.tlz=01;31:*.txz=01;31:*.tzo=01;31:*.t7z=01;31:*.zip=01;31:*.z=01;31:*.dz=01;31:*.gz=01;31:*.lrz=01;31:*.lz=01;31:*.lzo=01;31:*.xz=01;31:*.zst=01;31:*.tzst=01;31:*.bz2=01;31:*.bz=01;31:*.tbz=01;31:*.tbz2=01;31:*.tz=01;31:*.deb=01;31:*.rpm=01;31:*.jar=01;31:*.war=01;31:*.ear=01;31:*.sar=01;31:*.rar=01;31:*.alz=01;31:*.ace=01;31:*.zoo=01;31:*.cpio=01;31:*.7z=01;31:*.rz=01;31:*.cab=01;31:*.wim=01;31:*.swm=01;31:*.dwm=01;31:*.esd=01;31:*.jpg=01;35:*.jpeg=01;35:*.mjpg=01;35:*.mjpeg=01;35:*.gif=01;35:*.bmp=01;35:*.pbm=01;35:*.pgm=01;35:*.ppm=01;35:*.tga=01;35:*.xbm=01;35:*.xpm=01;35:*.tif=01;35:*.tiff=01;35:*.png=01;35:*.svg=01;35:*.svgz=01;35:*.mng=01;35:*.pcx=01;35:*.mov=01;35:*.mpg=01;35:*.mpeg=01;35:*.m2v=01;35:*.mkv=01;35:*.webm=01;35:*.webp=01;35:*.ogm=01;35:*.mp4=01;35:*.m4v=01;35:*.mp4v=01;35:*.vob=01;35:*.qt=01;35:*.nuv=01;35:*.wmv=01;35:*.asf=01;35:*.rm=01;35:*.rmvb=01;35:*.flc=01;35:*.avi=01;35:*.fli=01;35:*.flv=01;35:*.gl=01;35:*.dl=01;35:*.xcf=01;35:*.xwd=01;35:*.yuv=01;35:*.cgm=01;35:*.emf=01;35:*.ogv=01;35:*.ogx=01;35:*.aac=00;36:*.au=00;36:*.flac=00;36:*.m4a=00;36:*.mid=00;36:*.midi=00;36:*.mka=00;36:*.mp3=00;36:*.mpc=00;36:*.ogg=00;36:*.ra=00;36:*.wav=00;36:*.oga=00;36:*.opus=00;36:*.spx=00;36:*.xspf=00;36:'), ('ROS_DOMAIN_ID', '12'), ('AMENT_PREFIX_PATH', '/root/ros2_ws/src/robotica/install/robmovil_msgs:/root/ros2_ws/install/sim_ros2_interface:/root/ros2_ws/install/lazo_abierto:/root/ros2_ws/install/ej2:/root/ros2_ws/install/ej1:/root/ros2_ws/install/robmovil_msgs:/opt/ros/humble'), ('DEBIAN_FRONTEND', 'noninteractive'), ('GAZEBO_RESOURCE_PATH', '/usr/share/gazebo-11:'), ('GAZEBO_MODEL_DATABASE_URI', 'http://models.gazebosim.org'), ('PWD', '/root/ros2_ws/src/robotica/build/ej1'), ('TURTLEBOT3_MODEL', 'burger'), ('LC_ALL', 'C.UTF-8'), ('GAZEBO_PLUGIN_PATH', '/usr/lib/x86_64-linux-gnu/gazebo-11/plugins:'), ('PYTHONPATH', '/root/ros2_ws/src/robotica/install/robmovil_msgs/local/lib/python3.10/dist-packages:/root/ros2_ws/install/robmovil_msgs/local/lib/python3.10/dist-packages:/opt/ros/humble/lib/python3.10/site-packages:/opt/ros/humble/local/lib/python3.10/dist-packages'), ('COLCON', '1'), ('CMAKE_PREFIX_PATH', '/root/ros2_ws/src/robotica/install/robmovil_msgs:/root/ros2_ws/install/sim_ros2_interface:/root/ros2_ws/install/lazo_abierto:/root/ros2_ws/install/ej2:/root/ros2_ws/install/ej1:/root/ros2_ws/install/robmovil_msgs:/opt/ros/humble')]), 'shell': False}
[10.641891] (ej2) StdoutLine: {'line': b'-- Generating done\n'}
[10.645036] (-) TimerEvent: {}
[10.656931] (ej2) StdoutLine: {'line': b'-- Build files have been written to: /root/ros2_ws/src/robotica/build/ej2\n'}
[10.674038] (ej2) CommandEnded: {'returncode': 0}
[10.674884] (ej2) JobProgress: {'identifier': 'ej2', 'progress': 'build'}
[10.676086] (ej2) Command: {'cmd': ['/usr/bin/cmake', '--build', '/root/ros2_ws/src/robotica/build/ej2', '--', '-j8', '-l8'], 'cwd': '/root/ros2_ws/src/robotica/build/ej2', 'env': OrderedDict([('HOSTNAME', 'ae729c5307e7'), ('SHLVL', '1'), ('LD_LIBRARY_PATH', '/root/ros2_ws/src/robotica/install/robmovil_msgs/lib:/root/ros2_ws/install/lazo_abierto/lib:/root/ros2_ws/install/robmovil_msgs/lib:/usr/lib/x86_64-linux-gnu/gazebo-11/plugins:/opt/ros/humble/opt/rviz_ogre_vendor/lib:/opt/ros/humble/lib/x86_64-linux-gnu:/opt/ros/humble/lib:/usr/lib/x86_64-linux-gnu/gazebo-11/plugins'), ('HOME', '/root'), ('OLDPWD', '/root/ros2_ws'), ('GAZEBO_MASTER_URI', 'http://localhost:11345'), ('ROS_PYTHON_VERSION', '3'), ('COLCON_PREFIX_PATH', '/root/ros2_ws/install'), ('ROS_DISTRO', 'humble'), ('_', '/usr/bin/colcon'), ('ROS_VERSION', '2'), ('TERM', 'xterm'), ('COPPELIASIM_ROOT_DIR', '/opt/CoppeliaSim_Edu_V4_7_0_rev2_Ubuntu20_04'), ('GAZEBO_MODEL_PATH', '/usr/share/gazebo-11/models:/opt/ros/humble/share/turtlebot3_gazebo/models/:/root/catkin_ws/volumen/models'), ('ROS_LOCALHOST_ONLY', '1'), ('QT_X11_NO_MITSHM', '1'), ('OGRE_RESOURCE_PATH', '/usr/lib/x86_64-linux-gnu/OGRE-1.9.0'), ('PATH', '/opt/CoppeliaSim_Edu_V4_7_0_rev2_Ubuntu20_04:/opt/ros/humble/bin:/opt/CoppeliaSim_Edu_V4_7_0_rev2_Ubuntu20_04:/usr/local/sbin:/usr/local/bin:/usr/sbin:/usr/bin:/sbin:/bin'), ('DISPLAY', ':0'), ('LANG', 'C.UTF-8'), ('LS_COLORS', 'rs=0:di=01;34:ln=01;36:mh=00:pi=40;33:so=01;35:do=01;35:bd=40;33;01:cd=40;33;01:or=40;31;01:mi=00:su=37;41:sg=30;43:ca=30;41:tw=30;42:ow=34;42:st=37;44:ex=01;32:*.tar=01;31:*.tgz=01;31:*.arc=01;31:*.arj=01;31:*.taz=01;31:*.lha=01;31:*.lz4=01;31:*.lzh=01;31:*.lzma=01;31:*.tlz=01;31:*.txz=01;31:*.tzo=01;31:*.t7z=01;31:*.zip=01;31:*.z=01;31:*.dz=01;31:*.gz=01;31:*.lrz=01;31:*.lz=01;31:*.lzo=01;31:*.xz=01;31:*.zst=01;31:*.tzst=01;31:*.bz2=01;31:*.bz=01;31:*.tbz=01;31:*.tbz2=01;31:*.tz=01;31:*.deb=01;31:*.rpm=01;31:*.jar=01;31:*.war=01;31:*.ear=01;31:*.sar=01;31:*.rar=01;31:*.alz=01;31:*.ace=01;31:*.zoo=01;31:*.cpio=01;31:*.7z=01;31:*.rz=01;31:*.cab=01;31:*.wim=01;31:*.swm=01;31:*.dwm=01;31:*.esd=01;31:*.jpg=01;35:*.jpeg=01;35:*.mjpg=01;35:*.mjpeg=01;35:*.gif=01;35:*.bmp=01;35:*.pbm=01;35:*.pgm=01;35:*.ppm=01;35:*.tga=01;35:*.xbm=01;35:*.xpm=01;35:*.tif=01;35:*.tiff=01;35:*.png=01;35:*.svg=01;35:*.svgz=01;35:*.mng=01;35:*.pcx=01;35:*.mov=01;35:*.mpg=01;35:*.mpeg=01;35:*.m2v=01;35:*.mkv=01;35:*.webm=01;35:*.webp=01;35:*.ogm=01;35:*.mp4=01;35:*.m4v=01;35:*.mp4v=01;35:*.vob=01;35:*.qt=01;35:*.nuv=01;35:*.wmv=01;35:*.asf=01;35:*.rm=01;35:*.rmvb=01;35:*.flc=01;35:*.avi=01;35:*.fli=01;35:*.flv=01;35:*.gl=01;35:*.dl=01;35:*.xcf=01;35:*.xwd=01;35:*.yuv=01;35:*.cgm=01;35:*.emf=01;35:*.ogv=01;35:*.ogx=01;35:*.aac=00;36:*.au=00;36:*.flac=00;36:*.m4a=00;36:*.mid=00;36:*.midi=00;36:*.mka=00;36:*.mp3=00;36:*.mpc=00;36:*.ogg=00;36:*.ra=00;36:*.wav=00;36:*.oga=00;36:*.opus=00;36:*.spx=00;36:*.xspf=00;36:'), ('ROS_DOMAIN_ID', '12'), ('AMENT_PREFIX_PATH', '/root/ros2_ws/src/robotica/install/robmovil_msgs:/root/ros2_ws/install/sim_ros2_interface:/root/ros2_ws/install/lazo_abierto:/root/ros2_ws/install/ej2:/root/ros2_ws/install/ej1:/root/ros2_ws/install/robmovil_msgs:/opt/ros/humble'), ('DEBIAN_FRONTEND', 'noninteractive'), ('GAZEBO_RESOURCE_PATH', '/usr/share/gazebo-11:'), ('GAZEBO_MODEL_DATABASE_URI', 'http://models.gazebosim.org'), ('PWD', '/root/ros2_ws/src/robotica/build/ej2'), ('TURTLEBOT3_MODEL', 'burger'), ('LC_ALL', 'C.UTF-8'), ('GAZEBO_PLUGIN_PATH', '/usr/lib/x86_64-linux-gnu/gazebo-11/plugins:'), ('PYTHONPATH', '/root/ros2_ws/src/robotica/install/robmovil_msgs/local/lib/python3.10/dist-packages:/root/ros2_ws/install/robmovil_msgs/local/lib/python3.10/dist-packages:/opt/ros/humble/lib/python3.10/site-packages:/opt/ros/humble/local/lib/python3.10/dist-packages'), ('COLCON', '1'), ('CMAKE_PREFIX_PATH', '/root/ros2_ws/src/robotica/install/robmovil_msgs:/root/ros2_ws/install/sim_ros2_interface:/root/ros2_ws/install/lazo_abierto:/root/ros2_ws/install/ej2:/root/ros2_ws/install/ej1:/root/ros2_ws/install/robmovil_msgs:/opt/ros/humble')]), 'shell': False}
[10.689845] (ej1) StdoutLine: {'line': b'[ 33%] \x1b[32mBuilding CXX object CMakeFiles/pioneer_odometry_node.dir/src/pioneer_odometry.cpp.o\x1b[0m\n'}
[10.690473] (ej1) StdoutLine: {'line': b'[ 66%] \x1b[32mBuilding CXX object CMakeFiles/pioneer_odometry_node.dir/src/pioneer_odometry_node.cpp.o\x1b[0m\n'}
[10.745150] (-) TimerEvent: {}
[10.748692] (ej2) StdoutLine: {'line': b'[  9%] \x1b[32mBuilding CXX object CMakeFiles/trajectory_generator.dir/src/trajectory_generator_node.cpp.o\x1b[0m\n'}
[10.753805] (ej2) StdoutLine: {'line': b'[ 18%] \x1b[32mBuilding CXX object CMakeFiles/logger.dir/src/logger_node.cpp.o\x1b[0m\n'}
[10.760914] (ej2) StdoutLine: {'line': b'[ 27%] \x1b[32mBuilding CXX object CMakeFiles/controllers_lib.dir/src/KinematicPositionController.cpp.o\x1b[0m\n'}
[10.763980] (ej2) StdoutLine: {'line': b'[ 36%] \x1b[32mBuilding CXX object CMakeFiles/controllers_lib.dir/src/TrajectoryFollower.cpp.o\x1b[0m\n'}
[10.766056] (ej2) StdoutLine: {'line': b'[ 45%] \x1b[32mBuilding CXX object CMakeFiles/trajectory_waypoints.dir/src/trajectory_waypoints_node.cpp.o\x1b[0m\n'}
[10.846392] (-) TimerEvent: {}
[10.946753] (-) TimerEvent: {}
[11.047198] (-) TimerEvent: {}
[11.147648] (-) TimerEvent: {}
[11.248396] (-) TimerEvent: {}
[11.348736] (-) TimerEvent: {}
[11.449438] (-) TimerEvent: {}
[11.551555] (-) TimerEvent: {}
[11.651919] (-) TimerEvent: {}
[11.752297] (-) TimerEvent: {}
[11.852663] (-) TimerEvent: {}
[11.953085] (-) TimerEvent: {}
[12.054420] (-) TimerEvent: {}
[12.155395] (-) TimerEvent: {}
[12.256431] (-) TimerEvent: {}
[12.357426] (-) TimerEvent: {}
[12.460391] (-) TimerEvent: {}
[12.561397] (-) TimerEvent: {}
[12.662406] (-) TimerEvent: {}
[12.765551] (-) TimerEvent: {}
[12.866470] (-) TimerEvent: {}
[12.968394] (-) TimerEvent: {}
[13.068795] (-) TimerEvent: {}
[13.169250] (-) TimerEvent: {}
[13.270086] (-) TimerEvent: {}
[13.373408] (-) TimerEvent: {}
[13.473831] (-) TimerEvent: {}
[13.574192] (-) TimerEvent: {}
[13.676361] (-) TimerEvent: {}
[13.776722] (-) TimerEvent: {}
[13.877665] (-) TimerEvent: {}
[13.978034] (-) TimerEvent: {}
[14.078818] (-) TimerEvent: {}
[14.179267] (-) TimerEvent: {}
[14.281416] (-) TimerEvent: {}
[14.383431] (-) TimerEvent: {}
[14.484174] (-) TimerEvent: {}
[14.584689] (-) TimerEvent: {}
[14.686205] (-) TimerEvent: {}
[14.788389] (-) TimerEvent: {}
[14.888764] (-) TimerEvent: {}
[14.989379] (-) TimerEvent: {}
[15.090395] (-) TimerEvent: {}
[15.190766] (-) TimerEvent: {}
[15.291171] (-) TimerEvent: {}
[15.392404] (-) TimerEvent: {}
[15.492785] (-) TimerEvent: {}
[15.593173] (-) TimerEvent: {}
[15.694384] (-) TimerEvent: {}
[15.794753] (-) TimerEvent: {}
[15.895265] (-) TimerEvent: {}
[15.996381] (-) TimerEvent: {}
[16.025618] (ej2) StderrLine: {'line': b'\x1b[01m\x1b[K/root/ros2_ws/src/robotica/ej2/src/trajectory_waypoints_node.cpp:\x1b[m\x1b[K In function \xe2\x80\x98\x1b[01m\x1b[Kint main(int, char**)\x1b[m\x1b[K\xe2\x80\x99:\n'}
[16.028489] (ej2) StderrLine: {'line': b'\x1b[01m\x1b[K/root/ros2_ws/src/robotica/ej2/src/trajectory_waypoints_node.cpp:37:3:\x1b[m\x1b[K \x1b[01;31m\x1b[Kerror: \x1b[m\x1b[K\xe2\x80\x98\x1b[01m\x1b[Ktrajectory_publisher\x1b[m\x1b[K\xe2\x80\x99 was not declared in this scope; did you mean \xe2\x80\x98\x1b[01m\x1b[Krmw_destroy_publisher\x1b[m\x1b[K\xe2\x80\x99?\n'}
[16.028976] (ej2) StderrLine: {'line': b'   37 |   \x1b[01;31m\x1b[Ktrajectory_publisher\x1b[m\x1b[K = this->create_publisher<trajectory_msgs::msg::JointTrajectory>("/robot/trajectory", qos_profile);\n'}
[16.029175] (ej2) StderrLine: {'line': b'      |   \x1b[01;31m\x1b[K^~~~~~~~~~~~~~~~~~~~\x1b[m\x1b[K\n'}
[16.029353] (ej2) StderrLine: {'line': b'      |   \x1b[32m\x1b[Krmw_destroy_publisher\x1b[m\x1b[K\n'}
[16.029511] (ej2) StderrLine: {'line': b'\x1b[01m\x1b[K/root/ros2_ws/src/robotica/ej2/src/trajectory_waypoints_node.cpp:37:26:\x1b[m\x1b[K \x1b[01;31m\x1b[Kerror: \x1b[m\x1b[Kinvalid use of \xe2\x80\x98\x1b[01m\x1b[Kthis\x1b[m\x1b[K\xe2\x80\x99 in non-member function\n'}
[16.029672] (ej2) StderrLine: {'line': b'   37 |   trajectory_publisher = \x1b[01;31m\x1b[Kthis\x1b[m\x1b[K->create_publisher<trajectory_msgs::msg::JointTrajectory>("/robot/trajectory", qos_profile);\n'}
[16.029826] (ej2) StderrLine: {'line': b'      |                          \x1b[01;31m\x1b[K^~~~\x1b[m\x1b[K\n'}
[16.029991] (ej2) StderrLine: {'line': b'\x1b[01m\x1b[K/root/ros2_ws/src/robotica/ej2/src/trajectory_waypoints_node.cpp:37:86:\x1b[m\x1b[K \x1b[01;31m\x1b[Kerror: \x1b[m\x1b[Kexpected primary-expression before \xe2\x80\x98\x1b[01m\x1b[K>\x1b[m\x1b[K\xe2\x80\x99 token\n'}
[16.030161] (ej2) StderrLine: {'line': b'   37 |   trajectory_publisher = this->create_publisher<trajectory_msgs::msg::JointTrajectory\x1b[01;31m\x1b[K>\x1b[m\x1b[K("/robot/trajectory", qos_profile);\n'}
[16.030330] (ej2) StderrLine: {'line': b'      |                                                                                      \x1b[01;31m\x1b[K^\x1b[m\x1b[K\n'}
[16.030493] (ej2) StderrLine: {'line': b'\x1b[01m\x1b[K/root/ros2_ws/src/robotica/ej2/src/trajectory_waypoints_node.cpp:37:88:\x1b[m\x1b[K \x1b[01;35m\x1b[Kwarning: \x1b[m\x1b[Kleft operand of comma operator has no effect [\x1b[01;35m\x1b[K-Wunused-value\x1b[m\x1b[K]\n'}
[16.030659] (ej2) StderrLine: {'line': b'   37 |   trajectory_publisher = this->create_publisher<trajectory_msgs::msg::JointTrajectory>(\x1b[01;35m\x1b[K"/robot/trajectory"\x1b[m\x1b[K, qos_profile);\n'}
[16.030820] (ej2) StderrLine: {'line': b'      |                                                                                        \x1b[01;35m\x1b[K^~~~~~~~~~~~~~~~~~~\x1b[m\x1b[K\n'}
[16.086794] (ej2) StderrLine: {'line': b'\x1b[01m\x1b[K/root/ros2_ws/src/robotica/ej2/src/trajectory_generator_node.cpp:\x1b[m\x1b[K In function \xe2\x80\x98\x1b[01m\x1b[Kint main(int, char**)\x1b[m\x1b[K\xe2\x80\x99:\n'}
[16.087073] (ej2) StderrLine: {'line': b'\x1b[01m\x1b[K/root/ros2_ws/src/robotica/ej2/src/trajectory_generator_node.cpp:65:22:\x1b[m\x1b[K \x1b[01;35m\x1b[Kwarning: \x1b[m\x1b[Kcomparison of integer expressions of different signedness: \xe2\x80\x98\x1b[01m\x1b[Kint\x1b[m\x1b[K\xe2\x80\x99 and \xe2\x80\x98\x1b[01m\x1b[Kstd::vector<double, std::allocator<double> >::size_type\x1b[m\x1b[K\xe2\x80\x99 {aka \xe2\x80\x98\x1b[01m\x1b[Klong unsigned int\x1b[m\x1b[K\xe2\x80\x99} [\x1b[01;35m\x1b[K-Wsign-compare\x1b[m\x1b[K]\n'}
[16.087235] (ej2) StderrLine: {'line': b'   65 |     for(int i = 0; \x1b[01;35m\x1b[Ki < spline_waypoints_data.size()\x1b[m\x1b[K; i+=4)\n'}
[16.087380] (ej2) StderrLine: {'line': b'      |                    \x1b[01;35m\x1b[K~~^~~~~~~~~~~~~~~~~~~~~~~~~~~~~~\x1b[m\x1b[K\n'}
[16.096514] (-) TimerEvent: {}
[16.198586] (-) TimerEvent: {}
[16.299042] (-) TimerEvent: {}
[16.399402] (-) TimerEvent: {}
[16.499777] (-) TimerEvent: {}
[16.600127] (-) TimerEvent: {}
[16.700477] (-) TimerEvent: {}
[16.748403] (ej2) StderrLine: {'line': b'\x1b[01m\x1b[K/root/ros2_ws/src/robotica/ej2/src/KinematicPositionController.cpp:\x1b[m\x1b[K In member function \xe2\x80\x98\x1b[01m\x1b[Kbool KinematicPositionController::getPursuitBasedGoal(const rclcpp::Time&, double&, double&, double&)\x1b[m\x1b[K\xe2\x80\x99:\n'}
[16.748671] (ej2) StderrLine: {'line': b'\x1b[01m\x1b[K/root/ros2_ws/src/robotica/ej2/src/KinematicPositionController.cpp:154:10:\x1b[m\x1b[K \x1b[01;35m\x1b[Kwarning: \x1b[m\x1b[Kunused variable \xe2\x80\x98\x1b[01m\x1b[Kcurrent_a\x1b[m\x1b[K\xe2\x80\x99 [\x1b[01;35m\x1b[K-Wunused-variable\x1b[m\x1b[K]\n'}
[16.748864] (ej2) StderrLine: {'line': b'  154 |   double \x1b[01;35m\x1b[Kcurrent_a\x1b[m\x1b[K = this->a;\n'}
[16.749028] (ej2) StderrLine: {'line': b'      |          \x1b[01;35m\x1b[K^~~~~~~~~\x1b[m\x1b[K\n'}
[16.749183] (ej2) StderrLine: {'line': b'\x1b[01m\x1b[K/root/ros2_ws/src/robotica/ej2/src/KinematicPositionController.cpp:149:75:\x1b[m\x1b[K \x1b[01;35m\x1b[Kwarning: \x1b[m\x1b[Kunused parameter \xe2\x80\x98\x1b[01m\x1b[Kt\x1b[m\x1b[K\xe2\x80\x99 [\x1b[01;35m\x1b[K-Wunused-parameter\x1b[m\x1b[K]\n'}
[16.749353] (ej2) StderrLine: {'line': b'  149 | bool KinematicPositionController::getPursuitBasedGoal(\x1b[01;35m\x1b[Kconst rclcpp::Time& t\x1b[m\x1b[K, double& x, double& y, double& a)\n'}
[16.749512] (ej2) StderrLine: {'line': b'      |                                                       \x1b[01;35m\x1b[K~~~~~~~~~~~~~~~~~~~~^\x1b[m\x1b[K\n'}
[16.801386] (-) TimerEvent: {}
[16.861725] (ej2) StderrLine: {'line': b'gmake[2]: *** [CMakeFiles/trajectory_waypoints.dir/build.make:76: CMakeFiles/trajectory_waypoints.dir/src/trajectory_waypoints_node.cpp.o] Error 1\n'}
[16.862278] (ej2) StderrLine: {'line': b'gmake[1]: *** [CMakeFiles/Makefile2:223: CMakeFiles/trajectory_waypoints.dir/all] Error 2\n'}
[16.862559] (ej2) StderrLine: {'line': b'gmake[1]: *** Waiting for unfinished jobs....\n'}
[16.902409] (-) TimerEvent: {}
[17.002960] (-) TimerEvent: {}
[17.103383] (-) TimerEvent: {}
[17.203793] (-) TimerEvent: {}
[17.304333] (-) TimerEvent: {}
[17.404724] (-) TimerEvent: {}
[17.505095] (-) TimerEvent: {}
[17.605468] (-) TimerEvent: {}
[17.705839] (-) TimerEvent: {}
[17.806292] (-) TimerEvent: {}
[17.907396] (-) TimerEvent: {}
[18.007774] (-) TimerEvent: {}
[18.108143] (-) TimerEvent: {}
[18.208840] (-) TimerEvent: {}
[18.309250] (-) TimerEvent: {}
[18.409769] (-) TimerEvent: {}
[18.510133] (-) TimerEvent: {}
[18.610526] (-) TimerEvent: {}
[18.710914] (-) TimerEvent: {}
[18.811277] (-) TimerEvent: {}
[18.911630] (-) TimerEvent: {}
[19.012038] (-) TimerEvent: {}
[19.112668] (-) TimerEvent: {}
[19.212998] (-) TimerEvent: {}
[19.313358] (-) TimerEvent: {}
[19.414051] (-) TimerEvent: {}
[19.514554] (-) TimerEvent: {}
[19.616187] (-) TimerEvent: {}
[19.716545] (-) TimerEvent: {}
[19.816914] (-) TimerEvent: {}
[19.917367] (-) TimerEvent: {}
[20.017780] (-) TimerEvent: {}
[20.118257] (-) TimerEvent: {}
[20.218703] (-) TimerEvent: {}
[20.236707] (ej2) StdoutLine: {'line': b'[ 54%] \x1b[32m\x1b[1mLinking CXX executable trajectory_generator\x1b[0m\n'}
[20.318847] (-) TimerEvent: {}
[20.419272] (-) TimerEvent: {}
[20.519725] (-) TimerEvent: {}
[20.620273] (-) TimerEvent: {}
[20.720750] (-) TimerEvent: {}
[20.811239] (ej2) StdoutLine: {'line': b'[ 54%] Built target trajectory_generator\n'}
[20.820863] (-) TimerEvent: {}
[20.921136] (-) TimerEvent: {}
[21.021497] (-) TimerEvent: {}
[21.121785] (-) TimerEvent: {}
[21.222100] (-) TimerEvent: {}
[21.322399] (-) TimerEvent: {}
[21.422746] (-) TimerEvent: {}
[21.523093] (-) TimerEvent: {}
[21.623391] (-) TimerEvent: {}
[21.723732] (-) TimerEvent: {}
[21.824104] (-) TimerEvent: {}
[21.924534] (-) TimerEvent: {}
[22.024901] (-) TimerEvent: {}
[22.125208] (-) TimerEvent: {}
[22.225547] (-) TimerEvent: {}
[22.325923] (-) TimerEvent: {}
[22.426371] (-) TimerEvent: {}
[22.526775] (-) TimerEvent: {}
[22.627145] (-) TimerEvent: {}
[22.727590] (-) TimerEvent: {}
[22.827879] (-) TimerEvent: {}
[22.928213] (-) TimerEvent: {}
[23.028612] (-) TimerEvent: {}
[23.129016] (-) TimerEvent: {}
[23.229750] (-) TimerEvent: {}
[23.330381] (-) TimerEvent: {}
[23.430768] (-) TimerEvent: {}
[23.531144] (-) TimerEvent: {}
[23.631517] (-) TimerEvent: {}
[23.731849] (-) TimerEvent: {}
[23.832214] (-) TimerEvent: {}
[23.932570] (-) TimerEvent: {}
[24.032901] (-) TimerEvent: {}
[24.133222] (-) TimerEvent: {}
[24.233585] (-) TimerEvent: {}
[24.333928] (-) TimerEvent: {}
[24.434283] (-) TimerEvent: {}
[24.534618] (-) TimerEvent: {}
[24.634945] (-) TimerEvent: {}
[24.735286] (-) TimerEvent: {}
[24.835600] (-) TimerEvent: {}
[24.936130] (-) TimerEvent: {}
[25.036628] (-) TimerEvent: {}
[25.136944] (-) TimerEvent: {}
[25.237425] (-) TimerEvent: {}
[25.337943] (-) TimerEvent: {}
[25.345900] (ej2) StdoutLine: {'line': b'[ 63%] \x1b[32m\x1b[1mLinking CXX shared library libcontrollers_lib.so\x1b[0m\n'}
[25.438051] (-) TimerEvent: {}
[25.538422] (-) TimerEvent: {}
[25.638764] (-) TimerEvent: {}
[25.739229] (-) TimerEvent: {}
[25.839613] (-) TimerEvent: {}
[25.939917] (-) TimerEvent: {}
[26.040285] (-) TimerEvent: {}
[26.140680] (-) TimerEvent: {}
[26.241020] (-) TimerEvent: {}
[26.339066] (ej2) StdoutLine: {'line': b'[ 63%] Built target controllers_lib\n'}
[26.341168] (-) TimerEvent: {}
[26.441620] (-) TimerEvent: {}
[26.541981] (-) TimerEvent: {}
[26.642273] (-) TimerEvent: {}
[26.742571] (-) TimerEvent: {}
[26.842900] (-) TimerEvent: {}
[26.943265] (-) TimerEvent: {}
[27.043679] (-) TimerEvent: {}
[27.143986] (-) TimerEvent: {}
[27.244268] (-) TimerEvent: {}
[27.344542] (-) TimerEvent: {}
[27.444911] (-) TimerEvent: {}
[27.545212] (-) TimerEvent: {}
[27.645511] (-) TimerEvent: {}
[27.745836] (-) TimerEvent: {}
[27.846143] (-) TimerEvent: {}
[27.946499] (-) TimerEvent: {}
[28.046804] (-) TimerEvent: {}
[28.147244] (-) TimerEvent: {}
[28.247728] (-) TimerEvent: {}
[28.348010] (-) TimerEvent: {}
[28.448339] (-) TimerEvent: {}
[28.548651] (-) TimerEvent: {}
[28.648961] (-) TimerEvent: {}
[28.749430] (-) TimerEvent: {}
[28.830463] (ej1) StdoutLine: {'line': b'[100%] \x1b[32m\x1b[1mLinking CXX executable pioneer_odometry_node\x1b[0m\n'}
[28.849521] (-) TimerEvent: {}
[28.950050] (-) TimerEvent: {}
[29.050593] (-) TimerEvent: {}
[29.151037] (-) TimerEvent: {}
[29.251448] (-) TimerEvent: {}
[29.351823] (-) TimerEvent: {}
[29.452235] (-) TimerEvent: {}
[29.552567] (-) TimerEvent: {}
[29.652851] (-) TimerEvent: {}
[29.753236] (-) TimerEvent: {}
[29.853696] (-) TimerEvent: {}
[29.901522] (ej1) StdoutLine: {'line': b'[100%] Built target pioneer_odometry_node\n'}
[29.934054] (ej1) CommandEnded: {'returncode': 0}
[29.940510] (ej1) JobProgress: {'identifier': 'ej1', 'progress': 'install'}
[29.941526] (ej1) Command: {'cmd': ['/usr/bin/cmake', '--install', '/root/ros2_ws/src/robotica/build/ej1'], 'cwd': '/root/ros2_ws/src/robotica/build/ej1', 'env': OrderedDict([('HOSTNAME', 'ae729c5307e7'), ('SHLVL', '1'), ('LD_LIBRARY_PATH', '/root/ros2_ws/src/robotica/install/robmovil_msgs/lib:/root/ros2_ws/install/lazo_abierto/lib:/root/ros2_ws/install/robmovil_msgs/lib:/usr/lib/x86_64-linux-gnu/gazebo-11/plugins:/opt/ros/humble/opt/rviz_ogre_vendor/lib:/opt/ros/humble/lib/x86_64-linux-gnu:/opt/ros/humble/lib:/usr/lib/x86_64-linux-gnu/gazebo-11/plugins'), ('HOME', '/root'), ('OLDPWD', '/root/ros2_ws'), ('GAZEBO_MASTER_URI', 'http://localhost:11345'), ('ROS_PYTHON_VERSION', '3'), ('COLCON_PREFIX_PATH', '/root/ros2_ws/install'), ('ROS_DISTRO', 'humble'), ('_', '/usr/bin/colcon'), ('ROS_VERSION', '2'), ('TERM', 'xterm'), ('COPPELIASIM_ROOT_DIR', '/opt/CoppeliaSim_Edu_V4_7_0_rev2_Ubuntu20_04'), ('GAZEBO_MODEL_PATH', '/usr/share/gazebo-11/models:/opt/ros/humble/share/turtlebot3_gazebo/models/:/root/catkin_ws/volumen/models'), ('ROS_LOCALHOST_ONLY', '1'), ('QT_X11_NO_MITSHM', '1'), ('OGRE_RESOURCE_PATH', '/usr/lib/x86_64-linux-gnu/OGRE-1.9.0'), ('PATH', '/opt/CoppeliaSim_Edu_V4_7_0_rev2_Ubuntu20_04:/opt/ros/humble/bin:/opt/CoppeliaSim_Edu_V4_7_0_rev2_Ubuntu20_04:/usr/local/sbin:/usr/local/bin:/usr/sbin:/usr/bin:/sbin:/bin'), ('DISPLAY', ':0'), ('LANG', 'C.UTF-8'), ('LS_COLORS', 'rs=0:di=01;34:ln=01;36:mh=00:pi=40;33:so=01;35:do=01;35:bd=40;33;01:cd=40;33;01:or=40;31;01:mi=00:su=37;41:sg=30;43:ca=30;41:tw=30;42:ow=34;42:st=37;44:ex=01;32:*.tar=01;31:*.tgz=01;31:*.arc=01;31:*.arj=01;31:*.taz=01;31:*.lha=01;31:*.lz4=01;31:*.lzh=01;31:*.lzma=01;31:*.tlz=01;31:*.txz=01;31:*.tzo=01;31:*.t7z=01;31:*.zip=01;31:*.z=01;31:*.dz=01;31:*.gz=01;31:*.lrz=01;31:*.lz=01;31:*.lzo=01;31:*.xz=01;31:*.zst=01;31:*.tzst=01;31:*.bz2=01;31:*.bz=01;31:*.tbz=01;31:*.tbz2=01;31:*.tz=01;31:*.deb=01;31:*.rpm=01;31:*.jar=01;31:*.war=01;31:*.ear=01;31:*.sar=01;31:*.rar=01;31:*.alz=01;31:*.ace=01;31:*.zoo=01;31:*.cpio=01;31:*.7z=01;31:*.rz=01;31:*.cab=01;31:*.wim=01;31:*.swm=01;31:*.dwm=01;31:*.esd=01;31:*.jpg=01;35:*.jpeg=01;35:*.mjpg=01;35:*.mjpeg=01;35:*.gif=01;35:*.bmp=01;35:*.pbm=01;35:*.pgm=01;35:*.ppm=01;35:*.tga=01;35:*.xbm=01;35:*.xpm=01;35:*.tif=01;35:*.tiff=01;35:*.png=01;35:*.svg=01;35:*.svgz=01;35:*.mng=01;35:*.pcx=01;35:*.mov=01;35:*.mpg=01;35:*.mpeg=01;35:*.m2v=01;35:*.mkv=01;35:*.webm=01;35:*.webp=01;35:*.ogm=01;35:*.mp4=01;35:*.m4v=01;35:*.mp4v=01;35:*.vob=01;35:*.qt=01;35:*.nuv=01;35:*.wmv=01;35:*.asf=01;35:*.rm=01;35:*.rmvb=01;35:*.flc=01;35:*.avi=01;35:*.fli=01;35:*.flv=01;35:*.gl=01;35:*.dl=01;35:*.xcf=01;35:*.xwd=01;35:*.yuv=01;35:*.cgm=01;35:*.emf=01;35:*.ogv=01;35:*.ogx=01;35:*.aac=00;36:*.au=00;36:*.flac=00;36:*.m4a=00;36:*.mid=00;36:*.midi=00;36:*.mka=00;36:*.mp3=00;36:*.mpc=00;36:*.ogg=00;36:*.ra=00;36:*.wav=00;36:*.oga=00;36:*.opus=00;36:*.spx=00;36:*.xspf=00;36:'), ('ROS_DOMAIN_ID', '12'), ('AMENT_PREFIX_PATH', '/root/ros2_ws/src/robotica/install/robmovil_msgs:/root/ros2_ws/install/sim_ros2_interface:/root/ros2_ws/install/lazo_abierto:/root/ros2_ws/install/ej2:/root/ros2_ws/install/ej1:/root/ros2_ws/install/robmovil_msgs:/opt/ros/humble'), ('DEBIAN_FRONTEND', 'noninteractive'), ('GAZEBO_RESOURCE_PATH', '/usr/share/gazebo-11:'), ('GAZEBO_MODEL_DATABASE_URI', 'http://models.gazebosim.org'), ('PWD', '/root/ros2_ws/src/robotica/build/ej1'), ('TURTLEBOT3_MODEL', 'burger'), ('LC_ALL', 'C.UTF-8'), ('GAZEBO_PLUGIN_PATH', '/usr/lib/x86_64-linux-gnu/gazebo-11/plugins:'), ('PYTHONPATH', '/root/ros2_ws/src/robotica/install/robmovil_msgs/local/lib/python3.10/dist-packages:/root/ros2_ws/install/robmovil_msgs/local/lib/python3.10/dist-packages:/opt/ros/humble/lib/python3.10/site-packages:/opt/ros/humble/local/lib/python3.10/dist-packages'), ('COLCON', '1'), ('CMAKE_PREFIX_PATH', '/root/ros2_ws/src/robotica/install/robmovil_msgs:/root/ros2_ws/install/sim_ros2_interface:/root/ros2_ws/install/lazo_abierto:/root/ros2_ws/install/ej2:/root/ros2_ws/install/ej1:/root/ros2_ws/install/robmovil_msgs:/opt/ros/humble')]), 'shell': False}
[29.953805] (-) TimerEvent: {}
[29.957344] (ej1) StdoutLine: {'line': b'-- Install configuration: ""\n'}
[29.957770] (ej1) StdoutLine: {'line': b'-- Installing: /root/ros2_ws/src/robotica/install/ej1/lib/ej1/pioneer_odometry_node\n'}
[29.966095] (ej1) StdoutLine: {'line': b'-- Set runtime path of "/root/ros2_ws/src/robotica/install/ej1/lib/ej1/pioneer_odometry_node" to ""\n'}
[29.966342] (ej1) StdoutLine: {'line': b'-- Installing: /root/ros2_ws/src/robotica/install/ej1/share/ament_index/resource_index/package_run_dependencies/ej1\n'}
[29.966485] (ej1) StdoutLine: {'line': b'-- Installing: /root/ros2_ws/src/robotica/install/ej1/share/ament_index/resource_index/parent_prefix_path/ej1\n'}
[29.966611] (ej1) StdoutLine: {'line': b'-- Installing: /root/ros2_ws/src/robotica/install/ej1/share/ej1/environment/ament_prefix_path.sh\n'}
[29.966744] (ej1) StdoutLine: {'line': b'-- Installing: /root/ros2_ws/src/robotica/install/ej1/share/ej1/environment/ament_prefix_path.dsv\n'}
[29.967011] (ej1) StdoutLine: {'line': b'-- Installing: /root/ros2_ws/src/robotica/install/ej1/share/ej1/environment/path.sh\n'}
[29.967176] (ej1) StdoutLine: {'line': b'-- Installing: /root/ros2_ws/src/robotica/install/ej1/share/ej1/environment/path.dsv\n'}
[29.967327] (ej1) StdoutLine: {'line': b'-- Installing: /root/ros2_ws/src/robotica/install/ej1/share/ej1/local_setup.bash\n'}
[29.967492] (ej1) StdoutLine: {'line': b'-- Installing: /root/ros2_ws/src/robotica/install/ej1/share/ej1/local_setup.sh\n'}
[29.967648] (ej1) StdoutLine: {'line': b'-- Installing: /root/ros2_ws/src/robotica/install/ej1/share/ej1/local_setup.zsh\n'}
[29.967822] (ej1) StdoutLine: {'line': b'-- Installing: /root/ros2_ws/src/robotica/install/ej1/share/ej1/local_setup.dsv\n'}
[29.967993] (ej1) StdoutLine: {'line': b'-- Installing: /root/ros2_ws/src/robotica/install/ej1/share/ej1/package.dsv\n'}
[29.968153] (ej1) StdoutLine: {'line': b'-- Installing: /root/ros2_ws/src/robotica/install/ej1/share/ament_index/resource_index/packages/ej1\n'}
[29.968301] (ej1) StdoutLine: {'line': b'-- Installing: /root/ros2_ws/src/robotica/install/ej1/share/ej1/cmake/ej1Config.cmake\n'}
[29.968466] (ej1) StdoutLine: {'line': b'-- Installing: /root/ros2_ws/src/robotica/install/ej1/share/ej1/cmake/ej1Config-version.cmake\n'}
[29.968583] (ej1) StdoutLine: {'line': b'-- Installing: /root/ros2_ws/src/robotica/install/ej1/share/ej1/package.xml\n'}
[29.970960] (ej1) CommandEnded: {'returncode': 0}
[29.999489] (ej1) JobEnded: {'identifier': 'ej1', 'rc': 0}
[30.053953] (-) TimerEvent: {}
[30.154281] (-) TimerEvent: {}
[30.254619] (-) TimerEvent: {}
[30.355028] (-) TimerEvent: {}
[30.455440] (-) TimerEvent: {}
[30.555871] (-) TimerEvent: {}
[30.656198] (-) TimerEvent: {}
[30.756470] (-) TimerEvent: {}
[30.856759] (-) TimerEvent: {}
[30.957087] (-) TimerEvent: {}
[31.057599] (-) TimerEvent: {}
[31.157949] (-) TimerEvent: {}
[31.258230] (-) TimerEvent: {}
[31.358547] (-) TimerEvent: {}
[31.458839] (-) TimerEvent: {}
[31.559138] (-) TimerEvent: {}
[31.659450] (-) TimerEvent: {}
[31.759754] (-) TimerEvent: {}
[31.860065] (-) TimerEvent: {}
[31.960420] (-) TimerEvent: {}
[32.015247] (ej2) StdoutLine: {'line': b'[ 72%] \x1b[32m\x1b[1mLinking CXX executable logger\x1b[0m\n'}
[32.060560] (-) TimerEvent: {}
[32.160980] (-) TimerEvent: {}
[32.261471] (-) TimerEvent: {}
[32.362056] (-) TimerEvent: {}
[32.462431] (-) TimerEvent: {}
[32.562739] (-) TimerEvent: {}
[32.663059] (-) TimerEvent: {}
[32.763432] (-) TimerEvent: {}
[32.863792] (-) TimerEvent: {}
[32.865822] (ej2) StdoutLine: {'line': b'[ 72%] Built target logger\n'}
[32.868240] (ej2) StderrLine: {'line': b'gmake: *** [Makefile:146: all] Error 2\n'}
[32.873893] (ej2) CommandEnded: {'returncode': 2}
[32.880478] (ej2) JobEnded: {'identifier': 'ej2', 'rc': 2}
[32.892012] (-) EventReactorShutdown: {}
